log_line,label,source_file,Issue,level,issue_level_key,split
"{__time=1751540530505, instance=""NODE[1]"", unit=""kernel.transport""} 	Tracing variant of Tasks RCU enabled.","Issue: Rcu Tracing Enabled, level: Information",node06-2025-07-03.csv,Rcu Tracing Enabled,Information,Rcu Tracing Enabled :: Information,excluded_rare_issue_level
"{__time=1751540530505, instance=""NODE[1]"", unit=""kernel.transport""} rcu: RCU calculated value of scheduler-enlistment delay is 100 jiffies.","Issue: Rcu Scheduler Delay, level: Information",node06-2025-07-03.csv,Rcu Scheduler Delay,Information,Rcu Scheduler Delay :: Information,excluded_rare_issue_level
"{__time=1751540530505, instance=""NODE[1]"", unit=""kernel.transport""} Switched APIC routing to physical flat.","Issue: Apic Physical Flat, level: Information",node06-2025-07-03.csv,Apic Physical Flat,Information,Apic Physical Flat :: Information,excluded_rare_issue_level
"{__time=1751540530505, instance=""NODE[1]"", unit=""kernel.transport""} Yama: becoming mindful.","Issue: Yama Mindful, level: Information",node06-2025-07-03.csv,Yama Mindful,Information,Yama Mindful :: Information,excluded_rare_issue_level
"{__time=1751540530499, instance=""NODE[1]"", unit=""kernel.transport""} signal: max sigframe size: 3632","Issue: Max Sigframe Size, level: Information",node06-2025-07-03.csv,Max Sigframe Size,Information,Max Sigframe Size :: Information,excluded_rare_issue_level
"{__time=1751540530499, instance=""NODE[1]"", unit=""kernel.transport""} BIOS-provided physical RAM map:","Issue: Ram Map Start, level: Information",node06-2025-07-03.csv,Ram Map Start,Information,Ram Map Start :: Information,excluded_rare_issue_level
"{__time=1751540531037, instance=""NODE[1]"", unit=""kernel.transport""} nfs-bundle: nfsv4 loading","Issue: Nfs Loading, level: Information",node06-2025-07-03.csv,Nfs Loading,Information,Nfs Loading :: Information,excluded_rare_issue_level
"{__time=1751540531037, instance=""NODE[1]"", unit=""kernel.transport""} NFS: Registering the id_resolver key type","Issue: Nfs Id Resolver Register, level: Information",node06-2025-07-03.csv,Nfs Id Resolver Register,Information,Nfs Id Resolver Register :: Information,excluded_rare_issue_level
"{__time=1751540531037, instance=""NODE[1]"", unit=""kernel.transport""} Key type id_resolver registered","Issue: Nfs Id Resolver Registered, level: Information",node06-2025-07-03.csv,Nfs Id Resolver Registered,Information,Nfs Id Resolver Registered :: Information,excluded_rare_issue_level
"{__time=1751540531040, instance=""NODE[1]"", unit=""kernel.transport""} iTCO_vendor_support: vendor-support=0","Issue: Itco Vendor Support, level: Information",node06-2025-07-03.csv,Itco Vendor Support,Information,Itco Vendor Support :: Information,excluded_rare_issue_level
"{__time=1751540531040, instance=""NODE[1]"", unit=""kernel.transport""} Key type id_legacy registered","Issue: Nfs Id Legacy Registered, level: Information",node06-2025-07-03.csv,Nfs Id Legacy Registered,Information,Nfs Id Legacy Registered :: Information,excluded_rare_issue_level
"{__time=1751540531066, instance=""NODE[1]"", unit=""kernel.transport""} ipmi_ssif: IPMI SSIF Interface driver","Issue: Ipmi Ssif Driver, level: Information",node06-2025-07-03.csv,Ipmi Ssif Driver,Information,Ipmi Ssif Driver :: Information,excluded_rare_issue_level
"{__time=1751540531073, instance=""NODE[1]"", unit=""kernel.transport""} iTCO_wdt: Intel TCO WatchDog Timer Driver v1.11","Issue: Itco Wdt Driver, level: Information",node06-2025-07-03.csv,Itco Wdt Driver,Information,Itco Wdt Driver :: Information,excluded_rare_issue_level
"{__time=1751540531073, instance=""NODE[1]"", unit=""kernel.transport""} iTCO_wdt: unable to reset NO_REBOOT flag, device disabled by hardware/PATH[1]","Issue: Itco Wdt Disabled, level: Warning",node06-2025-07-03.csv,Itco Wdt Disabled,Warning,Itco Wdt Disabled :: Warning,excluded_rare_issue_level
"{__time=1751540531082, instance=""NODE[1]"", unit=""kernel.transport""} RAPL PMU: API unit is 2^-32 Joules, 2 fixed counters, 655360 ms ovfl timer","Issue: Rapl Pmu Api Unit, level: Information",node06-2025-07-03.csv,Rapl Pmu Api Unit,Information,Rapl Pmu Api Unit :: Information,excluded_rare_issue_level
"{__time=1751540531082, instance=""NODE[1]"", unit=""kernel.transport""} RAPL PMU: hw unit of domain package 2^-14 Joules","Issue: Rapl Pmu Package Unit, level: Information",node06-2025-07-03.csv,Rapl Pmu Package Unit,Information,Rapl Pmu Package Unit :: Information,excluded_rare_issue_level
"{__time=1751540531082, instance=""NODE[1]"", unit=""kernel.transport""} RAPL PMU: hw unit of domain dram 2^-16 Joules","Issue: Rapl Pmu Dram Unit, level: Information",node06-2025-07-03.csv,Rapl Pmu Dram Unit,Information,Rapl Pmu Dram Unit :: Information,excluded_rare_issue_level
"{__time=1751540531096, instance=""NODE[1]"", unit=""kernel.transport""} checking generic (91000000 300000) vs hw (91000000 1000000)","Issue: Generic Vs Hw Check, level: Information",node06-2025-07-03.csv,Generic Vs Hw Check,Information,Generic Vs Hw Check :: Information,excluded_rare_issue_level
"{__time=1751540531096, instance=""NODE[1]"", unit=""kernel.transport""} fb0: switching to ast from EFI VGA","Issue: Fb0 Ast Switch, level: Information",node06-2025-07-03.csv,Fb0 Ast Switch,Information,Fb0 Ast Switch :: Information,excluded_rare_issue_level
"{__time=1751540531096, instance=""NODE[1]"", unit=""kernel.transport""} cvfs: module license 'Proprietary' taints kernel.","Issue: Cvfs Proprietary License, level: Warning",node06-2025-07-03.csv,Cvfs Proprietary License,Warning,Cvfs Proprietary License :: Warning,excluded_rare_issue_level
"{__time=1751540530563, instance=""NODE[1]"", unit=""kernel.transport""} acpi PNP0A08:06: FADT indicates ASPM is unsupported, using BIOS configuration","Issue: Acpi Asp Unsupported, level: Information",node06-2025-07-03.csv,Acpi Asp Unsupported,Information,Acpi Asp Unsupported :: Information,excluded_rare_issue_level
"{__time=1751540530563, instance=""NODE[1]"", unit=""kernel.transport""} PCI host bridge to bus 0000:80","Issue: Pci Host Bridge, level: Information",node06-2025-07-03.csv,Pci Host Bridge,Information,Pci Host Bridge :: Information,excluded_rare_issue_level
"{__time=1751540530563, instance=""NODE[1]"", unit=""kernel.transport""} pci_bus 0000:80: root bus resource [io  0xa000-0xbfff window]","Issue: Pci Bus Io Resource, level: Information",node06-2025-07-03.csv,Pci Bus Io Resource,Information,Pci Bus Io Resource :: Information,excluded_rare_issue_level
"{__time=1751540530563, instance=""NODE[1]"", unit=""kernel.transport""} pci_bus 0000:80: root bus resource [mem 0xc6000000-0xd37fffff window]","Issue: Pci Bus Mem Resource, level: Information",node06-2025-07-03.csv,Pci Bus Mem Resource,Information,Pci Bus Mem Resource :: Information,excluded_rare_issue_level
"{__time=1751540530563, instance=""NODE[1]"", unit=""kernel.transport""} pci_bus 0000:80: root bus resource [mem 0x390000000000-0x393fffffffff window]","Issue: Pci Bus Mem Resource Large, level: Information",node06-2025-07-03.csv,Pci Bus Mem Resource Large,Information,Pci Bus Mem Resource Large :: Information,excluded_rare_issue_level
"{__time=1751540530564, instance=""NODE[1]"", unit=""kernel.transport""} pci_bus 0000:80: root bus resource [bus 80-84]","Issue: Pci Bus Bus Resource, level: Information",node06-2025-07-03.csv,Pci Bus Bus Resource,Information,Pci Bus Bus Resource :: Information,excluded_rare_issue_level
"{__time=1751540530506, instance=""NODE[1]"", unit=""kernel.transport""} node 0 deferred pages initialised in 47ms","Issue: Node Deferred Pages, level: Information",node06-2025-07-03.csv,Node Deferred Pages,Information,Node Deferred Pages :: Information,excluded_rare_issue_level
"{__time=1751540530506, instance=""NODE[1]"", unit=""kernel.transport""} node 1 deferred pages initialised in 50ms","Issue: Node Deferred Pages, level: Information",node06-2025-07-03.csv,Node Deferred Pages,Information,Node Deferred Pages :: Information,excluded_rare_issue_level
"{__time=1751540530506, instance=""NODE[1]"", unit=""kernel.transport""} devtmpfs: initialized","Issue: Devtmpfs Initialized, level: Information",node06-2025-07-03.csv,Devtmpfs Initialized,Information,Devtmpfs Initialized :: Information,excluded_rare_issue_level
"{__time=1751540530506, instance=""NODE[1]"", unit=""kernel.transport""} x86/PATH[1]: Memory block size: 2048MB","Issue: X86 Path Memory Size, level: Information",node06-2025-07-03.csv,X86 Path Memory Size,Information,X86 Path Memory Size :: Information,excluded_rare_issue_level
"{__time=1751540530506, instance=""NODE[1]"", unit=""kernel.transport""} futex hash table entries: 32768 (order: 9, 2097152 bytes, vmalloc)","Issue: Futex Hash Table, level: Information",node06-2025-07-03.csv,Futex Hash Table,Information,Futex Hash Table :: Information,excluded_rare_issue_level
"{__time=1751540530506, instance=""NODE[1]"", unit=""kernel.transport""} pinctrl core: initialized pinctrl subsystem","Issue: Pinctrl Initialized, level: Information",node06-2025-07-03.csv,Pinctrl Initialized,Information,Pinctrl Initialized :: Information,excluded_rare_issue_level
"{__time=1751540530506, instance=""NODE[1]"", unit=""kernel.transport""} DMA: preallocated 4096 KiB GFP_KERNEL pool for atomic allocations","Issue: Dma Preallocated Kernel, level: Information",node06-2025-07-03.csv,Dma Preallocated Kernel,Information,Dma Preallocated Kernel :: Information,excluded_rare_issue_level
"{__time=1751540530506, instance=""NODE[1]"", unit=""kernel.transport""} DMA: preallocated 4096 KiB GFP_KERNEL|GFP_DMA pool for atomic allocations","Issue: Dma Preallocated Kernel Dma, level: Information",node06-2025-07-03.csv,Dma Preallocated Kernel Dma,Information,Dma Preallocated Kernel Dma :: Information,excluded_rare_issue_level
"{__time=1751540530506, instance=""NODE[1]"", unit=""kernel.transport""} DMA: preallocated 4096 KiB GFP_KERNEL|GFP_DMA32 pool for atomic allocations","Issue: Dma Preallocated Kernel Dma32, level: Information",node06-2025-07-03.csv,Dma Preallocated Kernel Dma32,Information,Dma Preallocated Kernel Dma32 :: Information,excluded_rare_issue_level
"{__time=1751540530506, instance=""NODE[1]"", unit=""kernel.transport""} audit: initializing netlink subsys (enabled)","Issue: Audit Netlink Init, level: Information",node06-2025-07-03.csv,Audit Netlink Init,Information,Audit Netlink Init :: Information,excluded_rare_issue_level
"{__time=1751540530506, instance=""NODE[1]"", unit=""kernel.transport""} audit: type=2000 audit(1751540506.474:1): state=initialized audit_enabled=1 res=1","Issue: Audit Initialized, level: Information",node06-2025-07-03.csv,Audit Initialized,Information,Audit Initialized :: Information,excluded_rare_issue_level
"{__time=1751540530506, instance=""NODE[1]"", unit=""kernel.transport""} cpuidle: using governor menu","Issue: Cpuidle Governor Menu, level: Information",node06-2025-07-03.csv,Cpuidle Governor Menu,Information,Cpuidle Governor Menu :: Information,excluded_rare_issue_level
"{__time=1751540530506, instance=""NODE[1]"", unit=""kernel.transport""} Detected 1 PCC Subspaces","Issue: Pcc Subspaces Detected, level: Information",node06-2025-07-03.csv,Pcc Subspaces Detected,Information,Pcc Subspaces Detected :: Information,excluded_rare_issue_level
"{__time=1751540530506, instance=""NODE[1]"", unit=""kernel.transport""} Registering PCC driver as Mailbox controller","Issue: Pcc Driver Registered, level: Information",node06-2025-07-03.csv,Pcc Driver Registered,Information,Pcc Driver Registered :: Information,excluded_rare_issue_level
"{__time=1751540530506, instance=""NODE[1]"", unit=""kernel.transport""} ACPI FADT declares the system doesn't support PCIe ASPM, so disable it","Issue: Acpi Fadt Asp Disabled, level: Information",node06-2025-07-03.csv,Acpi Fadt Asp Disabled,Information,Acpi Fadt Asp Disabled :: Information,excluded_rare_issue_level
"{__time=1751540530506, instance=""NODE[1]"", unit=""kernel.transport""} acpiphp: ACPI Hot Plug PCI Controller Driver version: 0.5","Issue: Acpiphp Version, level: Information",node06-2025-07-03.csv,Acpiphp Version,Information,Acpiphp Version :: Information,excluded_rare_issue_level
"{__time=1751540530506, instance=""NODE[1]"", unit=""kernel.transport""} PCI: MMCONFIG for domain 0000 [bus 00-ff] at [mem 0x80000000-0x8fffffff] (base 0x80000000)","Issue: Pci Mmconfig Domain, level: Information",node06-2025-07-03.csv,Pci Mmconfig Domain,Information,Pci Mmconfig Domain :: Information,excluded_rare_issue_level
"{__time=1751540530506, instance=""NODE[1]"", unit=""kernel.transport""} PCI: MMCONFIG at [mem 0x80000000-0x8fffffff] reserved in E820","Issue: Pci Mmconfig E820, level: Information",node06-2025-07-03.csv,Pci Mmconfig E820,Information,Pci Mmconfig E820 :: Information,excluded_rare_issue_level
"{__time=1751541811273, instance=""NODE[1]"", unit=""kernel.transport""} LNet: Using FastReg for registration","Issue: Lnet Fastreg, level: Information",node06-2025-07-03.csv,Lnet Fastreg,Information,Lnet Fastreg :: Information,excluded_rare_issue_level
"{__time=1751541811286, instance=""NODE[1]"", unit=""kernel.transport""} LNet: Added LNI IP[18]@o2ib [32/PATH[1]/PATH[1]/PATH[1]]","Issue: Lnet Lni Added, level: Information",node06-2025-07-03.csv,Lnet Lni Added,Information,Lnet Lni Added :: Information,excluded_rare_issue_level
"{__time=1751541811511, instance=""NODE[1]"", unit=""kernel.transport""} beegfs: mount(4613): DatagramListener (init sock): Listening for UDP datagrams: Port 8008","Issue: Beegfs Datagram Listener, level: Information",node06-2025-07-03.csv,Beegfs Datagram Listener,Information,Beegfs Datagram Listener :: Information,excluded_rare_issue_level
"{__time=1751541811511, instance=""NODE[1]"", unit=""kernel.transport""} beegfs: mount(4613): App_logInfos: BeeGFS Client Version: 7.4.6","Issue: Beegfs Client Version, level: Information",node06-2025-07-03.csv,Beegfs Client Version,Information,Beegfs Client Version :: Information,excluded_rare_issue_level
"{__time=1751541811512, instance=""NODE[1]"", unit=""kernel.transport""} beegfs: mount(4613): App_logInfos: ClientID: 1205-68666833-NODE[1]","Issue: Beegfs Client Id, level: Information",node06-2025-07-03.csv,Beegfs Client Id,Information,Beegfs Client Id :: Information,excluded_rare_issue_level
"{__time=1751541811513, instance=""NODE[1]"", unit=""kernel.transport""} beegfs: mount(4613): App_logInfos: Net filters: 1","Issue: Beegfs Net Filters, level: Information",node06-2025-07-03.csv,Beegfs Net Filters,Information,Beegfs Net Filters :: Information,excluded_rare_issue_level
"{__time=1751541811513, instance=""NODE[1]"", unit=""kernel.transport""} beegfs: mount(4613): App_logInfos: TCP-only filters: 7","Issue: Beegfs Tcp Filters, level: Information",node06-2025-07-03.csv,Beegfs Tcp Filters,Information,Beegfs Tcp Filters :: Information,excluded_rare_issue_level
"{__time=1751541811513, instance=""NODE[1]"", unit=""kernel.transport""} beegfs: beegfs_XNodeSyn(4778): Init: Waiting for beegfs-mgmtd@IP[19]...","Issue: Beegfs Xnode Init, level: Information",node06-2025-07-03.csv,Beegfs Xnode Init,Information,Beegfs Xnode Init :: Information,excluded_rare_issue_level
"{__time=1751541811513, instance=""NODE[1]"", unit=""kernel.transport""} beegfs: beegfs_XNodeSyn(4778): Messaging (RPC): Unable to connect to: beegfs-helperd helperd [ID: 0]","Issue: Beegfs Xnode Connect Failed, level: Warning",node06-2025-07-03.csv,Beegfs Xnode Connect Failed,Warning,Beegfs Xnode Connect Failed :: Warning,excluded_rare_issue_level
"{__time=1751541811514, instance=""NODE[1]"", unit=""kernel.transport""} beegfs: beegfs_XNodeSyn(4778): Helper daemon is unreachable => corresponding functionality (e.g. hostname resolution) currently unavailable","Issue: Beegfs Xnode Helper Unreachable, level: Warning",node06-2025-07-03.csv,Beegfs Xnode Helper Unreachable,Warning,Beegfs Xnode Helper Unreachable :: Warning,excluded_rare_issue_level
"{__time=1751540533354, instance=""NODE[1]"", unit=""kernel.transport""} hfi1 0000:5e:00.0: hfi1_0: No receive contexts available for netdevs.","Issue: Hfi1 No Receive Contexts, level: Warning",node06-2025-07-03.csv,Hfi1 No Receive Contexts,Warning,Hfi1 No Receive Contexts :: Warning,excluded_rare_issue_level
"{__time=1751540533354, instance=""NODE[1]"", unit=""kernel.transport""} hfi1 0000:5e:00.0: hfi1_0: send contexts: chip 160, used 160 (kernel 16, ack 5, USER[7] vl15 1)","Issue: Hfi1 Send Contexts, level: Information",node06-2025-07-03.csv,Hfi1 Send Contexts,Information,Hfi1 Send Contexts :: Information,excluded_rare_issue_level
"{__time=1751540533582, instance=""NODE[1]"", unit=""audit.transport""} NETFILTER_CFG table=filter:34 family=2 entries=1 op=nft_register_rule pid=1638 comm=""iptables-restor""","Issue: Netfilter Register Rule, level: Information",node06-2025-07-03.csv,Netfilter Register Rule,Information,Netfilter Register Rule :: Information,excluded_rare_issue_level
"{__time=1751540533594, instance=""NODE[1]"", unit=""journal.transport""} Using default interface naming scheme 'rhel-8.0'.","Issue: Interface Naming Scheme, level: Information",node06-2025-07-03.csv,Interface Naming Scheme,Information,Interface Naming Scheme :: Information,excluded_rare_issue_level
"{__time=1751540533594, instance=""NODE[1]"", unit=""journal.transport""} Using default interface naming scheme 'rhel-8.0'.","Issue: Interface Naming Scheme, level: Information",node06-2025-07-03.csv,Interface Naming Scheme,Information,Interface Naming Scheme :: Information,excluded_rare_issue_level
"{__time=1751540538342, instance=""NODE[1]"", unit=""SERVICE[9]""} Started polkitd version 0.115","Issue: Service Started, level: Information",node06-2025-07-03.csv,Service Started,Information,Service Started :: Information,excluded_rare_issue_level
"{__time=1751540538379, instance=""NODE[1]"", unit=""SERVICE[9]""} Loading rules from directory /PATH[1]/PATH[1]/PATH[2]","Issue: Service Loading Rules, level: Information",node06-2025-07-03.csv,Service Loading Rules,Information,Service Loading Rules :: Information,excluded_rare_issue_level
"{__time=1751540530562, instance=""NODE[1]"", unit=""kernel.transport""} acpi PNP0A08:06: _OSC: OS supports [ExtendedConfig ASPM ClockPM Segments MSI EDR HPX-Type3]","Issue: Acpi Osc Supports, level: Information",node06-2025-07-03.csv,Acpi Osc Supports,Information,Acpi Osc Supports :: Information,excluded_rare_issue_level
"{__time=1751540530562, instance=""NODE[1]"", unit=""kernel.transport""} acpi PNP0A08:06: _OSC: platform does not support [SHPCHotplug AER LTR DPC]","Issue: Acpi Osc Not Supports, level: Information",node06-2025-07-03.csv,Acpi Osc Not Supports,Information,Acpi Osc Not Supports :: Information,excluded_rare_issue_level
"{__time=1751540530563, instance=""NODE[1]"", unit=""kernel.transport""} acpi PNP0A08:06: _OSC: OS now controls [PCIeHotplug PME PCIeCapability]","Issue: Acpi Osc Controls, level: Information",node06-2025-07-03.csv,Acpi Osc Controls,Information,Acpi Osc Controls :: Information,excluded_rare_issue_level
"{__time=1751540533588, instance=""NODE[1]"", unit=""init.scope""} Reached target System Initialization.","Issue: System Initialization Reached, level: Information",node06-2025-07-03.csv,System Initialization Reached,Information,System Initialization Reached :: Information,excluded_rare_issue_level
"{__time=1751540533588, instance=""NODE[1]"", unit=""init.scope""} Started Daily Cleanup of Temporary Directories.","Issue: Daily Cleanup Started, level: Information",node06-2025-07-03.csv,Daily Cleanup Started,Information,Daily Cleanup Started :: Information,excluded_rare_issue_level
"{__time=1751540533588, instance=""NODE[1]"", unit=""init.scope""} Started Timer for extra textfile collector for the Prometheus node exporter.","Issue: Prometheus Collector Started, level: Information",node06-2025-07-03.csv,Prometheus Collector Started,Information,Prometheus Collector Started :: Information,excluded_rare_issue_level
"{__time=1751540533589, instance=""NODE[1]"", unit=""init.scope""} Listening on D-Bus System Message Bus Socket.","Issue: Dbus Listening, level: Information",node06-2025-07-03.csv,Dbus Listening,Information,Dbus Listening :: Information,excluded_rare_issue_level
"{__time=1751540533589, instance=""NODE[1]"", unit=""init.scope""} Reached target Sockets.","Issue: Sockets Reached, level: Information",node06-2025-07-03.csv,Sockets Reached,Information,Sockets Reached :: Information,excluded_rare_issue_level
"{__time=1751540533589, instance=""NODE[1]"", unit=""init.scope""} Reached target Basic System.","Issue: Basic System Reached, level: Information",node06-2025-07-03.csv,Basic System Reached,Information,Basic System Reached :: Information,excluded_rare_issue_level
"{__time=1751540533589, instance=""NODE[1]"", unit=""init.scope""} Started Machine Check Exception Logging Daemon.","Issue: Machine Check Started, level: Information",node06-2025-07-03.csv,Machine Check Started,Information,Machine Check Started :: Information,excluded_rare_issue_level
"{__time=1751540533590, instance=""NODE[1]"", unit=""init.scope""} Starting Create mountpoints for remote filesystems...","Issue: Mountpoints Starting, level: Information",node06-2025-07-03.csv,Mountpoints Starting,Information,Mountpoints Starting :: Information,excluded_rare_issue_level
"{__time=1751540533590, instance=""NODE[1]"", unit=""init.scope""} Starting OpenSSH ecdsa Server Key Generation...","Issue: Openssh Key Generation Starting, level: Information",node06-2025-07-03.csv,Openssh Key Generation Starting,Information,Openssh Key Generation Starting :: Information,excluded_rare_issue_level
"{__time=1751540533590, instance=""NODE[1]"", unit=""init.scope""} Starting Self Monitoring and Reporting Technology (SMART) Daemon...","Issue: Smart Daemon Starting, level: Information",node06-2025-07-03.csv,Smart Daemon Starting,Information,Smart Daemon Starting :: Information,excluded_rare_issue_level
"{__time=1751540533591, instance=""NODE[1]"", unit=""init.scope""} Starting Restore /PATH[1]/PATH[1] on shutdown...","Issue: Restore Starting, level: Information",node06-2025-07-03.csv,Restore Starting,Information,Restore Starting :: Information,excluded_rare_issue_level
"{__time=1751540533591, instance=""NODE[1]"", unit=""init.scope""} Started D-Bus System Message Bus.","Issue: Dbus Started, level: Information",node06-2025-07-03.csv,Dbus Started,Information,Dbus Started :: Information,excluded_rare_issue_level
"{__time=1751540533591, instance=""NODE[1]"", unit=""init.scope""} Starting firewalld - dynamic firewall daemon...","Issue: Firewalld Starting, level: Information",node06-2025-07-03.csv,Firewalld Starting,Information,Firewalld Starting :: Information,excluded_rare_issue_level
"{__time=1751540533591, instance=""NODE[1]"", unit=""init.scope""} Starting StorNext Update service...","Issue: Stornext Update Starting, level: Information",node06-2025-07-03.csv,Stornext Update Starting,Information,Stornext Update Starting :: Information,excluded_rare_issue_level
"{__time=1751540533591, instance=""NODE[1]"", unit=""init.scope""} Started OpenSSH ecdsa Server Key Generation.","Issue: Openssh Key Generation Started, level: Information",node06-2025-07-03.csv,Openssh Key Generation Started,Information,Openssh Key Generation Started :: Information,excluded_rare_issue_level
"{__time=1751540533591, instance=""NODE[1]"", unit=""init.scope""} Started Restore /PATH[1]/PATH[1] on shutdown.","Issue: Restore Started, level: Information",node06-2025-07-03.csv,Restore Started,Information,Restore Started :: Information,excluded_rare_issue_level
"{__time=1751540533592, instance=""NODE[1]"", unit=""init.scope""} Started Self Monitoring and Reporting Technology (SMART) Daemon.","Issue: Smart Daemon Started, level: Information",node06-2025-07-03.csv,Smart Daemon Started,Information,Smart Daemon Started :: Information,excluded_rare_issue_level
"{__time=1751540533592, instance=""NODE[1]"", unit=""init.scope""} Started Create mountpoints for remote filesystems.","Issue: Mountpoints Started, level: Information",node06-2025-07-03.csv,Mountpoints Started,Information,Mountpoints Started :: Information,excluded_rare_issue_level
"{__time=1751540530505, instance=""NODE[1]"", unit=""kernel.transport""} smpboot: Estimated ratio of average max frequency by base frequency (times 1024): 1493","Issue: Smpboot Frequency Ratio, level: Information",node06-2025-07-03.csv,Smpboot Frequency Ratio,Information,Smpboot Frequency Ratio :: Information,excluded_rare_issue_level
"{__time=1751540530505, instance=""NODE[1]"", unit=""kernel.transport""} smpboot: CPU0: Intel(R) Xeon(R) Gold 6148 CPU @ 2.40GHz (family: 0x6, model: 0x55, stepping: 0x4)","Issue: Smpboot Cpu Info, level: Information",node06-2025-07-03.csv,Smpboot Cpu Info,Information,Smpboot Cpu Info :: Information,excluded_rare_issue_level
"{__time=1751540530505, instance=""NODE[1]"", unit=""kernel.transport""} ... version:                4","Issue: Kernel Version, level: Information",node06-2025-07-03.csv,Kernel Version,Information,Kernel Version :: Information,excluded_rare_issue_level
"{__time=1751540530505, instance=""NODE[1]"", unit=""kernel.transport""} ... bit width:              48","Issue: Kernel Bit Width, level: Information",node06-2025-07-03.csv,Kernel Bit Width,Information,Kernel Bit Width :: Information,excluded_rare_issue_level
"{__time=1751540530505, instance=""NODE[1]"", unit=""kernel.transport""} ... generic registers:      4","Issue: Kernel Generic Registers, level: Information",node06-2025-07-03.csv,Kernel Generic Registers,Information,Kernel Generic Registers :: Information,excluded_rare_issue_level
"{__time=1751540530505, instance=""NODE[1]"", unit=""kernel.transport""} ... value mask:             0000ffffffffffff","Issue: Kernel Value Mask, level: Information",node06-2025-07-03.csv,Kernel Value Mask,Information,Kernel Value Mask :: Information,excluded_rare_issue_level
"{__time=1751540530505, instance=""NODE[1]"", unit=""kernel.transport""} ... max period:             00007fffffffffff","Issue: Kernel Max Period, level: Information",node06-2025-07-03.csv,Kernel Max Period,Information,Kernel Max Period :: Information,excluded_rare_issue_level
"{__time=1751540530505, instance=""NODE[1]"", unit=""kernel.transport""} ... fixed-purpose events:   3","Issue: Kernel Fixed Events, level: Information",node06-2025-07-03.csv,Kernel Fixed Events,Information,Kernel Fixed Events :: Information,excluded_rare_issue_level
"{__time=1751540530505, instance=""NODE[1]"", unit=""kernel.transport""} ... event mask:             000000070000000f","Issue: Kernel Event Mask, level: Information",node06-2025-07-03.csv,Kernel Event Mask,Information,Kernel Event Mask :: Information,excluded_rare_issue_level
"{__time=1751540530505, instance=""NODE[1]"", unit=""kernel.transport""} rcu: Hierarchical SRCU implementation.","Issue: Rcu Implementation, level: Information",node06-2025-07-03.csv,Rcu Implementation,Information,Rcu Implementation :: Information,excluded_rare_issue_level
"{__time=1751540530505, instance=""NODE[1]"", unit=""kernel.transport""} NMI watchdog: Enabled. Permanently consumes one hw-PMU counter.","Issue: Nmi Watchdog Enabled, level: Information",node06-2025-07-03.csv,Nmi Watchdog Enabled,Information,Nmi Watchdog Enabled :: Information,excluded_rare_issue_level
"{__time=1751540530505, instance=""NODE[1]"", unit=""kernel.transport""} smp: Bringing up secondary CPUs ...","Issue: Smp Bringing Up Cpus, level: Information",node06-2025-07-03.csv,Smp Bringing Up Cpus,Information,Smp Bringing Up Cpus :: Information,excluded_rare_issue_level
"{__time=1751540530506, instance=""NODE[1]"", unit=""kernel.transport""} x86: Booting SMP configuration:","Issue: X86 Booting Smp, level: Information",node06-2025-07-03.csv,X86 Booting Smp,Information,X86 Booting Smp :: Information,excluded_rare_issue_level
"{__time=1751540530506, instance=""NODE[1]"", unit=""kernel.transport""} .... node  #1, CPUs:   #20","Issue: Smp Node Cpu Mapping Short, level: Information",node06-2025-07-03.csv,Smp Node Cpu Mapping Short,Information,Smp Node Cpu Mapping Short :: Information,excluded_rare_issue_level
"{__time=1751540530506, instance=""NODE[1]"", unit=""kernel.transport""} smpboot: CPU 20 Converting physical 0 to logical die 1","Issue: Smpboot Cpu Conversion, level: Information",node06-2025-07-03.csv,Smpboot Cpu Conversion,Information,Smpboot Cpu Conversion :: Information,excluded_rare_issue_level
"{__time=1751540530506, instance=""NODE[1]"", unit=""kernel.transport""} .... node  #0, CPUs:   #40","Issue: Smp Node Cpu Mapping Short, level: Information",node06-2025-07-03.csv,Smp Node Cpu Mapping Short,Information,Smp Node Cpu Mapping Short :: Information,excluded_rare_issue_level
"{__time=1751540530506, instance=""NODE[1]"", unit=""kernel.transport""} MDS CPU bug present and SMT on, data leak possible. See https://PATH[2]/PATH[1]/PATH[1]/PATH[1]/PATH[1]/PATH[1]/PATH[2] for more details.","Issue: Mds Cpu Bug, level: Warning",node06-2025-07-03.csv,Mds Cpu Bug,Warning,Mds Cpu Bug :: Warning,excluded_rare_issue_level
"{__time=1751540530506, instance=""NODE[1]"", unit=""kernel.transport""} .... node  #1, CPUs:   #60 #61 #62 #63 #64 #65 #66 #67 #68 #69 #70 #71 #72 #73 #74 #75 #76 #77 #78 #79","Issue: Smp Node Cpu Mapping Long, level: Information",node06-2025-07-03.csv,Smp Node Cpu Mapping Long,Information,Smp Node Cpu Mapping Long :: Information,excluded_rare_issue_level
"{__time=1751540530607, instance=""NODE[1]"", unit=""kernel.transport""} smpboot: Estimated ratio of average max frequency by base frequency (times 1024): 1493","Issue: Smpboot Frequency Ratio, level: Information",node06-2025-07-03.csv,Smpboot Frequency Ratio,Information,Smpboot Frequency Ratio :: Information,excluded_rare_issue_level
"{__time=1751540530616, instance=""NODE[1]"", unit=""SERVICE[11]""} Runtime journal (/PATH[1]/PATH[1]/PATH[1]/PATH[1]) is 8.0M, max 4.0G, 3.9G free.","Issue: Runtime Journal Status, level: Information",node06-2025-07-03.csv,Runtime Journal Status,Information,Runtime Journal Status :: Information,excluded_rare_issue_level
"{__time=1751540530631, instance=""NODE[1]"", unit=""SERVICE[11]""} Runtime journal (/PATH[1]/PATH[1]/PATH[1]/PATH[1]) is 8.0M, max 4.0G, 3.9G free.","Issue: Runtime Journal Status, level: Information",node06-2025-07-03.csv,Runtime Journal Status,Information,Runtime Journal Status :: Information,excluded_rare_issue_level
"{__time=1751540538492, instance=""NODE[1]"", unit=""SERVICE[12]""} PING vast-kisski.usr.hlrn.de (IP[2]) 56(84) bytes of data.","Issue: Ping Start, level: Information",node06-2025-07-03.csv,Ping Start,Information,Ping Start :: Information,excluded_rare_issue_level
"{__time=1751540538492, instance=""NODE[1]"", unit=""SERVICE[12]""} 64 bytes from vast-kisski.usr.hlrn.de (IP[2]): icmp_seq=1 ttl=64 time=1.77 ms","Issue: Ping Response, level: Information",node06-2025-07-03.csv,Ping Response,Information,Ping Response :: Information,excluded_rare_issue_level
"{__time=1751540538492, instance=""NODE[1]"", unit=""SERVICE[12]""} --- vast-kisski.usr.hlrn.de ping statistics ---","Issue: Ping Statistics Header, level: Information",node06-2025-07-03.csv,Ping Statistics Header,Information,Ping Statistics Header :: Information,excluded_rare_issue_level
"{__time=1751540538492, instance=""NODE[1]"", unit=""SERVICE[12]""} 1 packets transmitted, 1 received, 0% packet loss, time 0ms","Issue: Ping Statistics Summary, level: Information",node06-2025-07-03.csv,Ping Statistics Summary,Information,Ping Statistics Summary :: Information,excluded_rare_issue_level
"{__time=1751540538492, instance=""NODE[1]"", unit=""SERVICE[12]""} rtt min/PATH[1]/PATH[1]/PATH[1] = 1.772/PATH[2]/PATH[2]/PATH[2] ms","Issue: Ping Statistics Rtt, level: Information",node06-2025-07-03.csv,Ping Statistics Rtt,Information,Ping Statistics Rtt :: Information,excluded_rare_issue_level
"{__time=1751540533789, instance=""NODE[1]"", unit=""kernel.transport""} ixgbe 0000:18:00.1: registered PHC device on eth1","Issue: Ixgbe Phc Device Registered, level: Information",node06-2025-07-03.csv,Ixgbe Phc Device Registered,Information,Ixgbe Phc Device Registered :: Information,excluded_rare_issue_level
"{__time=1751540534209, instance=""NODE[1]"", unit=""kernel.transport""} ixgbe 0000:18:00.0: registered PHC device on lan0","Issue: Ixgbe Phc Device Registered, level: Information",node06-2025-07-03.csv,Ixgbe Phc Device Registered,Information,Ixgbe Phc Device Registered :: Information,excluded_rare_issue_level
"{__time=1751540538300, instance=""NODE[1]"", unit=""kernel.transport""} ixgbe 0000:18:00.0 lan0: NIC Link is Up 1 Gbps, Flow Control: None","Issue: Ixgbe Nic Link Up, level: Information",node06-2025-07-03.csv,Ixgbe Nic Link Up,Information,Ixgbe Nic Link Up :: Information,excluded_rare_issue_level
"{__time=1751540538522, instance=""NODE[1]"", unit=""kernel.transport""} beegfs: mount(1836): Failed to open auth file: '/PATH[1]/PATH[1]/PATH[1]'","Issue: Beegfs Mount Failed Auth File, level: Error",node06-2025-07-03.csv,Beegfs Mount Failed Auth File,Error,Beegfs Mount Failed Auth File :: Error,excluded_rare_issue_level
