phase,kind,layer,seg,dt_ms,peak_vram_mb
warmup,embedding,-1,0,10.555745102465153,280.912896
warmup,embedding,-1,1,0.3692661412060261,311.762944
warmup,embedding,-1,2,0.34509599208831787,313.073664
warmup,embedding,-1,3,0.3252169117331505,314.384384
warmup,embedding,-1,4,0.3100871108472347,315.695104
warmup,embedding,-1,5,0.3616658505052328,317.005824
warmup,embedding,-1,6,0.3435169346630573,318.316544
warmup,embedding,-1,7,0.3234958276152611,319.627264
warmup,attention,0,0,55.59357115998864,349.4016
warmup,attention,0,1,1.4478741213679314,353.98912
warmup,mlp,0,0,3.2289549708366394,409.69728
warmup,mlp,0,1,2.18917615711689,420.18304
warmup,attention,1,0,1.3125459663569927,386.374144
warmup,attention,1,1,1.3668949250131845,386.10176
warmup,mlp,1,0,2.051068004220724,430.6688
warmup,mlp,1,1,2.056288067251444,430.6688
warmup,attention,2,0,1.4579140115529299,396.859904
warmup,attention,2,1,1.358955167233944,396.58752
warmup,mlp,2,0,1.8555091228336096,441.15456
warmup,mlp,2,1,2.1996661089360714,441.15456
warmup,attention,3,0,1.4372949954122305,407.345664
warmup,attention,3,1,1.3815739657729864,407.07328
warmup,mlp,3,0,1.8687290139496326,451.64032
warmup,mlp,3,1,2.1911661606281996,451.64032
warmup,attention,4,0,1.274207141250372,417.831424
warmup,attention,4,1,1.3802850153297186,417.55904
warmup,mlp,4,0,1.857318915426731,462.12608
warmup,mlp,4,1,2.1866559982299805,462.12608
warmup,attention,5,0,1.350934850051999,428.317184
warmup,attention,5,1,1.3748251367360353,428.0448
warmup,mlp,5,0,1.8996288999915123,472.61184
warmup,mlp,5,1,2.187425969168544,472.61184
warmup,attention,6,0,1.2982061598449945,438.802944
warmup,attention,6,1,1.3656150549650192,438.53056
warmup,mlp,6,0,1.8225100357085466,483.0976
warmup,mlp,6,1,2.206946024671197,483.0976
warmup,attention,7,0,1.669181976467371,449.288704
warmup,attention,7,1,1.3832149561494589,449.01632
warmup,mlp,7,0,1.8547291401773691,493.58336
warmup,mlp,7,1,2.205205848440528,493.58336
warmup,attention,8,0,1.3509250711649656,459.774464
warmup,attention,8,1,1.381204929202795,459.50208
warmup,mlp,8,0,1.8364700954407454,504.06912
warmup,mlp,8,1,2.200185088440776,504.06912
warmup,attention,9,0,1.2863960582762957,470.260224
warmup,attention,9,1,1.3761150185018778,469.98784
warmup,mlp,9,0,1.8194499425590038,514.55488
warmup,mlp,9,1,2.1872760262340307,514.55488
warmup,attention,10,0,1.4292739797383547,480.745984
warmup,attention,10,1,1.401084940880537,480.4736
warmup,mlp,10,0,1.8391599878668785,525.04064
warmup,mlp,10,1,2.197226043790579,525.04064
warmup,attention,11,0,1.340145943686366,491.231744
warmup,attention,11,1,1.5949029475450516,490.95936
warmup,mlp,11,0,1.8468799535185099,535.5264
warmup,mlp,11,1,2.1936760749667883,535.5264
warmup,attention,12,0,1.3428849633783102,501.717504
warmup,attention,12,1,1.3636050280183554,501.44512
warmup,mlp,12,0,1.8208699766546488,546.01216
warmup,mlp,12,1,2.180206123739481,546.01216
warmup,attention,13,0,1.3114959001541138,512.203264
warmup,attention,13,1,1.3619759120047092,511.93088
warmup,mlp,13,0,1.8295999616384506,556.49792
warmup,mlp,13,1,2.180206123739481,556.49792
warmup,attention,14,0,1.6106029506772757,522.689024
warmup,attention,14,1,1.3747250195592642,522.41664
warmup,mlp,14,0,1.8257701303809881,566.98368
warmup,mlp,14,1,2.185945864766836,566.98368
warmup,attention,15,0,1.539392862468958,533.174784
warmup,attention,15,1,1.3691349886357784,532.9024
warmup,mlp,15,0,1.8639301415532827,577.46944
warmup,mlp,15,1,2.1926159970462322,577.46944
warmup,attention,16,0,1.2605658266693354,543.660544
warmup,attention,16,1,1.3664050493389368,543.38816
warmup,mlp,16,0,1.867339015007019,587.9552
warmup,mlp,16,1,2.1879561245441437,587.9552
warmup,attention,17,0,1.4278150629252195,554.146304
warmup,attention,17,1,1.383814960718155,553.87392
warmup,mlp,17,0,1.8504098989069462,598.44096
warmup,mlp,17,1,2.1808859892189503,598.44096
warmup,attention,18,0,1.3307060580700636,564.632064
warmup,attention,18,1,1.3800249435007572,564.35968
warmup,mlp,18,0,1.8466298934072256,608.92672
warmup,mlp,18,1,2.229045145213604,608.92672
warmup,attention,19,0,1.2948159128427505,575.117824
warmup,attention,19,1,1.3831648975610733,574.84544
warmup,mlp,19,0,1.841600053012371,619.41248
warmup,mlp,19,1,2.1904860623180866,619.41248
warmup,attention,20,0,1.3420749455690384,585.603584
warmup,attention,20,1,1.381564885377884,585.3312
warmup,mlp,20,0,1.8543689511716366,629.89824
warmup,mlp,20,1,2.2054158616811037,629.89824
warmup,attention,21,0,1.3159748632460833,596.089344
warmup,attention,21,1,1.3936539180576801,595.81696
warmup,mlp,21,0,1.8426298629492521,640.384
warmup,mlp,21,1,2.2004758939146996,640.384
warmup,attention,22,0,1.341245137155056,606.575104
warmup,attention,22,1,2.2088061086833477,606.30272
warmup,mlp,22,0,1.8569801468402147,650.86976
warmup,mlp,22,1,2.195115899667144,650.86976
warmup,attention,23,0,1.3049650005996227,617.060864
warmup,attention,23,1,1.3780540321022272,616.78848
warmup,mlp,23,0,1.8670090939849615,661.35552
warmup,mlp,23,1,2.211775863543153,661.35552
warmup,attention,24,0,1.3953649904578924,627.546624
warmup,attention,24,1,1.3913451693952084,627.27424
warmup,mlp,24,0,1.8282199744135141,671.84128
warmup,mlp,24,1,2.2141558583825827,671.84128
warmup,attention,25,0,1.3567551504820585,638.032384
warmup,attention,25,1,1.3617349322885275,637.76
warmup,mlp,25,0,1.8522499594837427,682.32704
warmup,mlp,25,1,2.2062158677726984,682.32704
warmup,attention,26,0,1.9790579099208117,648.518144
warmup,attention,26,1,1.3735848478972912,648.24576
warmup,mlp,26,0,1.8516501877456903,692.8128
warmup,mlp,26,1,2.1920460276305676,692.8128
warmup,attention,27,0,1.4493439812213182,659.003904
warmup,attention,27,1,1.3938751071691513,658.73152
warmup,mlp,27,0,1.8556290306150913,703.29856
warmup,mlp,27,1,2.1881461143493652,703.29856
warmup,attention,28,0,1.3551260344684124,669.489664
warmup,attention,28,1,1.5878130216151476,669.21728
warmup,mlp,28,0,1.8714789766818285,713.78432
warmup,mlp,28,1,2.1972458343952894,713.78432
warmup,attention,29,0,1.2883557938039303,679.975424
warmup,attention,29,1,1.402284950017929,679.70304
warmup,mlp,29,0,1.8331799656152725,724.27008
warmup,mlp,29,1,2.2002749610692263,724.27008
warmup,attention,30,0,1.5523829497396946,690.461184
warmup,attention,30,1,1.3757948763668537,690.1888
warmup,mlp,30,0,1.8383900169283152,734.75584
warmup,mlp,30,1,2.20189499668777,734.75584
warmup,attention,31,0,1.3317761477082968,700.946944
warmup,attention,31,1,1.3846249785274267,700.67456
warmup,mlp,31,0,1.8246599938720465,745.2416
warmup,mlp,31,1,2.192306099459529,745.2416
warmup,attention,32,0,1.3208859600126743,711.432704
warmup,attention,32,1,1.392934937030077,711.16032
warmup,mlp,32,0,1.8354500643908978,755.72736
warmup,mlp,32,1,2.1942260209470987,755.72736
warmup,attention,33,0,1.4334041625261307,721.918464
warmup,attention,33,1,1.3928248081356287,721.64608
warmup,mlp,33,0,1.8578399904072285,766.21312
warmup,mlp,33,1,2.2002258338034153,766.21312
warmup,attention,34,0,1.3738151174038649,732.404224
warmup,attention,34,1,1.3982739765197039,732.13184
warmup,mlp,34,0,1.8398389220237732,776.69888
warmup,mlp,34,1,2.2057059686630964,776.69888
warmup,attention,35,0,1.5610228292644024,742.889984
warmup,attention,35,1,1.388284843415022,742.6176
warmup,mlp,35,0,1.8147400114685297,787.18464
warmup,mlp,35,1,2.263925038278103,787.18464
warmup,output_head,-1,0,2.6976000517606735,742.260736
warmup,output_head,-1,1,2.287415089085698,742.268928
warmup,output_head,-1,2,2.2853149566799402,742.27712
warmup,output_head,-1,3,2.3025248665362597,742.27712
warmup,output_head,-1,4,2.284175017848611,742.27712
warmup,output_head,-1,5,2.2848048247396946,742.27712
warmup,output_head,-1,6,2.3314550053328276,742.27712
warmup,output_head,-1,7,2.3160050623118877,742.290432
warmup,output_head,-1,0,31.926879892125726,970.487808
warmup,output_head,-1,1,11.317295953631401,1167.263744
warmup,output_head,-1,2,11.640851851552725,1364.064256
warmup,output_head,-1,3,11.643962934613228,1560.823808
warmup,output_head,-1,4,11.361865093931556,1757.58336
warmup,output_head,-1,5,11.350624961778522,1954.383872
warmup,output_head,-1,6,11.693860869854689,2151.143424
warmup,output_head,-1,7,11.87911001034081,2347.986944
warmup,attention,35,0,2.1567658986896276,690.474496
warmup,attention,35,1,1.513262977823615,694.799872
warmup,mlp,35,0,5.787026835605502,879.646208
warmup,mlp,35,1,5.658987909555435,879.656448
warmup,attention,35,0,25.170274078845978,797.94688
warmup,attention,35,1,3.4546919632703066,798.401536
warmup,attention,34,0,1.8163209315389395,759.63904
warmup,attention,34,1,1.3774652034044266,762.340352
warmup,mlp,34,0,5.229063099250197,907.202048
warmup,mlp,34,1,5.674618063494563,907.212288
warmup,attention,34,0,2.990267938002944,815.01696
warmup,attention,34,1,3.377503016963601,813.847552
warmup,attention,33,0,1.3376758433878422,764.599296
warmup,attention,33,1,1.3836249709129333,769.580032
warmup,mlp,33,0,5.466959904879332,913.786368
warmup,mlp,33,1,5.56357903406024,913.796608
warmup,attention,33,0,3.0012070201337337,820.421632
warmup,attention,33,1,3.383923089131713,821.400576
warmup,attention,32,0,1.3744649477303028,771.44576
warmup,attention,32,1,1.3864249922335148,775.771136
warmup,mlp,32,0,5.188813200220466,920.370688
warmup,mlp,32,1,5.552099086344242,920.380928
warmup,attention,32,0,2.9554280918091536,828.1856
warmup,attention,32,1,3.523810999467969,826.360832
warmup,attention,31,0,1.3191760517656803,778.03008
warmup,attention,31,1,1.4112850185483694,782.355456
warmup,mlp,31,0,5.595518043264747,927.610368
warmup,mlp,31,1,5.537589080631733,926.965248
warmup,attention,31,0,3.0230770353227854,833.590272
warmup,attention,31,1,3.4097929019480944,832.683008
warmup,attention,30,0,1.673710998147726,784.352256
warmup,attention,30,1,1.6242519486695528,788.677632
warmup,mlp,30,0,5.244022002443671,933.539328
warmup,mlp,30,1,5.620018113404512,933.549568
warmup,attention,30,0,2.966497791931033,840.174592
warmup,attention,30,1,3.3732529263943434,839.922688
warmup,attention,29,0,1.6209320165216923,791.591936
warmup,attention,29,1,1.3756351545453072,795.261952
warmup,mlp,29,0,5.272611975669861,940.779008
warmup,mlp,29,1,6.333659868687391,940.789248
warmup,attention,29,0,3.010866930708289,846.758912
warmup,attention,29,1,3.5775708965957165,847.424512
warmup,attention,28,0,1.5166429802775383,798.176256
warmup,attention,28,1,1.3684050645679235,801.846272
warmup,mlp,28,0,5.322802113369107,946.707968
warmup,mlp,28,1,5.8239661157131195,946.718208
warmup,attention,28,0,3.3386829309165478,853.343232
warmup,attention,28,1,3.8807070814073086,851.780608
warmup,attention,27,0,1.3807250652462244,803.843072
warmup,attention,27,1,1.3808449730277061,808.692736
warmup,mlp,27,0,5.328241037204862,953.292288
warmup,mlp,27,1,5.649277940392494,953.302528
warmup,attention,27,0,3.1473059207201004,860.845056
warmup,attention,27,1,3.9254568982869387,859.675648
warmup,attention,26,0,1.420463901013136,811.344896
warmup,attention,26,1,1.392885111272335,815.014912
warmup,mlp,26,0,5.262431921437383,959.876608
warmup,mlp,26,1,5.6585080455988646,959.886848
warmup,attention,26,0,3.0001469422131777,867.822592
warmup,attention,26,1,3.781748004257679,867.177472
warmup,attention,25,0,1.5863932203501463,818.84672
warmup,attention,25,1,1.3842550106346607,822.516736
warmup,mlp,25,0,5.318851908668876,966.460928
warmup,mlp,25,1,5.63911790959537,966.471168
warmup,attention,25,0,2.985637867823243,874.013696
warmup,attention,25,1,3.4120429772883654,873.106432
warmup,attention,24,0,1.5723619144409895,824.77568
warmup,attention,24,1,1.384044997394085,829.101056
warmup,mlp,24,0,5.299282027408481,973.700608
warmup,mlp,24,1,5.672327941283584,973.710848
warmup,attention,24,0,3.061216091737151,880.335872
warmup,attention,24,1,4.094055155292153,878.773248
warmup,attention,23,0,1.740350853651762,829.524992
warmup,attention,23,1,1.3865348882973194,835.030016
warmup,mlp,23,0,5.270062014460564,979.629568
warmup,mlp,23,1,5.660178139805794,979.639808
warmup,attention,23,0,3.0371069442480803,886.264832
warmup,attention,23,1,3.367312951013446,886.012928
warmup,attention,22,0,1.3156149070709944,837.682176
warmup,attention,22,1,1.3705547899007797,842.007552
warmup,mlp,22,0,5.347051890566945,986.213888
warmup,mlp,22,1,5.8142258785665035,986.224128
warmup,attention,22,0,2.9717469587922096,892.849152
warmup,attention,22,1,3.386253025382757,893.514752
warmup,attention,21,0,1.4182140585035086,845.184
warmup,attention,21,1,1.401933841407299,848.854016
warmup,mlp,21,0,5.264892941340804,992.798208
warmup,mlp,21,1,5.623538047075272,992.808448
warmup,attention,21,0,3.0113370157778263,900.350976
warmup,attention,21,1,3.3743029925972223,897.870848
warmup,attention,20,0,1.941018970683217,849.933312
warmup,attention,20,1,1.615801826119423,854.782976
warmup,mlp,20,0,5.240793107077479,999.382528
warmup,mlp,20,1,5.629108985885978,999.392768
warmup,attention,20,0,2.9607380274683237,906.017792
warmup,attention,20,1,4.1252849623560905,906.028032
warmup,attention,19,0,1.35133508592844,857.435136
warmup,attention,19,1,1.4032348990440369,862.2848
warmup,mlp,19,0,5.194403929635882,1005.966848
warmup,mlp,19,1,5.721088033169508,1005.977088
warmup,attention,19,0,2.960117068141699,912.602112
warmup,attention,19,1,3.4207019489258528,912.612352
warmup,attention,18,0,1.3149150181561708,863.364096
warmup,attention,18,1,1.3921549543738365,868.86912
warmup,mlp,18,0,5.249242065474391,1012.551168
warmup,mlp,18,1,5.610358901321888,1012.561408
warmup,attention,18,0,3.101005917415023,921.02144
warmup,attention,18,1,3.850847017019987,919.196672
warmup,attention,17,0,1.4053338672965765,871.52128
warmup,attention,17,1,1.6054320149123669,874.535936
warmup,mlp,17,0,5.255002062767744,1019.135488
warmup,mlp,17,1,5.690318066626787,1019.145728
warmup,attention,17,0,3.012506989762187,925.770752
warmup,attention,17,1,3.408282995223999,925.780992
warmup,attention,16,0,1.3313160743564367,876.532736
warmup,attention,16,1,1.3883949723094702,882.03776
warmup,mlp,16,0,5.702226888388395,1025.719808
warmup,mlp,16,1,5.7505660224705935,1025.730048
warmup,attention,16,0,3.629900049418211,934.19008
warmup,attention,16,1,3.3735628239810467,932.365312
warmup,attention,15,0,1.936079002916813,884.68992
warmup,attention,15,1,1.4049750752747059,887.704576
warmup,mlp,15,0,5.284762009978294,1032.304128
warmup,mlp,15,1,5.632888060063124,1032.314368
warmup,attention,15,0,2.947667147964239,938.939392
warmup,attention,15,1,3.6258199252188206,938.949632
warmup,attention,14,0,1.351974904537201,889.701376
warmup,attention,14,1,1.396705163642764,895.2064
warmup,mlp,14,0,5.6590179447084665,1038.888448
warmup,mlp,14,1,5.595588823780417,1038.898688
warmup,attention,14,0,2.9858779162168503,947.35872
warmup,attention,14,1,3.8884079549461603,945.271808
warmup,attention,13,0,1.416053855791688,896.941056
warmup,attention,13,1,1.3963948003947735,901.266432
warmup,mlp,13,0,5.258491961285472,1045.472768
warmup,mlp,13,1,5.630678031593561,1045.483008
warmup,attention,13,0,2.9937869403511286,953.025536
warmup,attention,13,1,3.422692883759737,951.200768
warmup,attention,12,0,1.3332650996744633,903.525376
warmup,attention,12,1,1.6052930150181055,907.850752
warmup,mlp,12,0,5.328292027115822,1052.057088
warmup,mlp,12,1,5.7191080413758755,1052.067328
warmup,attention,12,0,3.0169568490236998,959.609856
warmup,attention,12,1,3.784928936511278,958.440448
warmup,attention,11,0,1.328486017882824,910.109696
warmup,attention,11,1,1.4061040710657835,913.779712
warmup,mlp,11,0,5.592278903350234,1058.641408
warmup,mlp,11,1,5.666207987815142,1058.651648
warmup,attention,11,0,3.6640299949795008,965.276672
warmup,attention,11,1,3.111795987933874,964.631552
warmup,attention,10,0,1.1122080031782389,916.038656
warmup,attention,10,1,1.4697040896862745,921.54368
warmup,mlp,10,0,5.319220945239067,1065.881088
warmup,mlp,10,1,5.796706071123481,1065.891328
warmup,attention,10,0,2.9578381218016148,971.860992
warmup,attention,10,1,3.2896639313548803,970.298368
warmup,attention,9,0,1.0862089693546295,921.705472
warmup,attention,9,1,1.4043150003999472,927.865856
warmup,mlp,9,0,5.328682018443942,1071.810048
warmup,mlp,9,1,5.335940979421139,1071.820288
warmup,attention,9,0,3.0987660866230726,978.445312
warmup,attention,9,1,3.1830850057303905,978.193408
warmup,attention,8,0,1.1013378389179707,929.862656
warmup,attention,8,1,1.132806995883584,934.188032
warmup,mlp,8,0,5.365720950067043,1078.394368
warmup,mlp,8,1,5.3209420293569565,1078.404608
warmup,attention,8,0,3.010337008163333,985.029632
warmup,attention,8,1,3.1142360530793667,984.777728
warmup,attention,7,0,1.0848080273717642,936.446976
warmup,attention,7,1,1.1316081508994102,940.772352
warmup,mlp,7,0,5.377770867198706,1084.978688
warmup,mlp,7,1,5.370450904592872,1084.988928
warmup,attention,7,0,3.426601877436042,992.269312
warmup,attention,7,1,3.1098159961402416,990.706688
warmup,attention,6,0,1.0905079543590546,942.375936
warmup,attention,6,1,1.134728081524372,946.701312
warmup,mlp,6,0,5.355861037969589,1092.218368
warmup,mlp,6,1,5.328982137143612,1092.228608
warmup,attention,6,0,3.016317030414939,998.198272
warmup,attention,6,1,3.1266259029507637,998.601728
warmup,attention,5,0,1.0824580676853657,949.615616
warmup,attention,5,1,1.1312980204820633,953.940992
warmup,mlp,5,0,5.343312164768577,1098.147328
warmup,mlp,5,1,5.488930037245154,1098.157568
warmup,attention,5,0,2.9697869904339314,1005.437952
warmup,attention,5,1,3.1207751017063856,1003.875328
warmup,attention,4,0,1.0733979288488626,955.544576
warmup,attention,4,1,1.1572169605642557,959.214592
warmup,mlp,4,0,5.494559882208705,1104.731648
warmup,mlp,4,1,5.313572008162737,1104.741888
warmup,attention,4,0,2.9542669653892517,1012.284416
warmup,attention,4,1,3.12546594068408,1012.687872
warmup,attention,3,0,1.0824978817254305,962.784256
warmup,attention,3,1,1.1316880118101835,967.109632
warmup,mlp,3,0,5.359920905902982,1111.971328
warmup,mlp,3,1,5.330611951649189,1111.981568
warmup,attention,3,0,3.030807012692094,1017.951232
warmup,attention,3,1,3.145314985886216,1018.616832
warmup,attention,2,0,1.0765779297798872,968.713216
warmup,attention,2,1,1.1352270375937223,973.038592
warmup,mlp,2,0,5.794905824586749,1117.900288
warmup,mlp,2,1,5.366220837458968,1117.910528
warmup,attention,2,0,3.026137128472328,1025.453056
warmup,attention,2,1,3.0983949545770884,1025.856512
warmup,attention,1,0,1.0775679256767035,975.952896
warmup,attention,1,1,1.157507998868823,980.278272
warmup,mlp,1,0,5.8800161350518465,1124.484608
warmup,mlp,1,1,5.315982038155198,1124.494848
warmup,attention,1,0,3.154885955154896,1031.775232
warmup,attention,1,1,3.1181348022073507,1030.212608
warmup,attention,0,0,1.0726479813456535,981.881856
warmup,attention,0,1,1.134627964347601,985.551872
warmup,mlp,0,0,5.419470835477114,1131.068928
warmup,mlp,0,1,5.34918112680316,1131.079168
warmup,attention,0,0,3.0165258795022964,1039.932416
warmup,attention,0,1,3.1019661109894514,1036.796928
warmup,embedding,-1,0,3.1906848307698965,1013.20448
warmup,embedding,-1,1,0.923970015719533,1013.20448
warmup,embedding,-1,2,0.9421200957149267,1013.20448
warmup,embedding,-1,3,0.8931700140237808,1013.20448
warmup,embedding,-1,4,0.9247700218111277,1013.20448
warmup,embedding,-1,5,0.9304999839514494,1013.20448
warmup,embedding,-1,6,0.9101398754864931,1013.20448
warmup,embedding,-1,7,0.9062199387699366,1013.20448
warmup,embedding,-1,0,22.12816709652543,684.480512
warmup,embedding,-1,1,15.263032866641879,684.480512
warmup,embedding,-1,2,14.360563131049275,684.480512
warmup,embedding,-1,3,17.722965916618705,684.480512
warmup,embedding,-1,4,8.251999039202929,684.480512
warmup,embedding,-1,5,14.213114976882935,684.480512
warmup,embedding,-1,6,16.20308216661215,684.480512
warmup,embedding,-1,7,17.205771058797836,684.480512
warmup,output_head,-1,0,7.935462985187769,684.146688
warmup,output_head,-1,1,7.661696057766676,684.146688
warmup,output_head,-1,2,15.16232406720519,684.146688
warmup,output_head,-1,3,16.51064888574183,684.146688
warmup,output_head,-1,4,16.047393903136253,684.146688
warmup,output_head,-1,5,14.314053114503622,684.146688
warmup,output_head,-1,6,12.744980864226818,684.146688
warmup,output_head,-1,7,16.15107199177146,684.177408
warmup,attention,0,0,4.772157873958349,630.332928
warmup,attention,0,1,3.859307849779725,518.696448
warmup,mlp,0,0,6.83039496652782,582.924288
warmup,mlp,0,1,7.327779894694686,582.934528
warmup,attention,1,0,4.220294067636132,567.203328
warmup,attention,1,1,3.9420470129698515,518.696448
warmup,mlp,1,0,7.130382116883993,582.924288
warmup,mlp,1,1,7.489487994462252,582.934528
warmup,attention,2,0,3.754138946533203,567.203328
warmup,attention,2,1,4.051245981827378,518.696448
warmup,mlp,2,0,6.730715977028012,582.924288
warmup,mlp,2,1,6.941273808479309,582.934528
warmup,attention,3,0,3.803867846727371,567.203328
warmup,attention,3,1,3.855738090351224,518.696448
warmup,mlp,3,0,12.840249110013247,582.924288
warmup,mlp,3,1,11.593093164265156,582.934528
warmup,attention,4,0,3.8320180028676987,567.203328
warmup,attention,4,1,3.848778083920479,518.696448
warmup,mlp,4,0,9.978631045669317,582.924288
warmup,mlp,4,1,6.583038019016385,582.934528
warmup,attention,5,0,3.908418118953705,567.203328
warmup,attention,5,1,3.9240368641912937,518.696448
warmup,mlp,5,0,12.905048206448555,582.924288
warmup,mlp,5,1,6.648466922342777,582.934528
warmup,attention,6,0,3.8056878838688135,567.203328
warmup,attention,6,1,3.8626580499112606,518.696448
warmup,mlp,6,0,12.288714991882443,582.924288
warmup,mlp,6,1,6.616868078708649,582.934528
warmup,attention,7,0,3.8577569648623466,567.203328
warmup,attention,7,1,3.918236820027232,518.696448
warmup,mlp,7,0,10.401265928521752,582.924288
warmup,mlp,7,1,10.939599946141243,582.934528
warmup,attention,8,0,3.8240680005401373,567.203328
warmup,attention,8,1,4.113734932616353,518.696448
warmup,mlp,8,0,11.119927978143096,582.924288
warmup,mlp,8,1,6.679336074739695,582.934528
warmup,attention,9,0,3.8908980786800385,567.203328
warmup,attention,9,1,3.8588179741054773,518.696448
warmup,mlp,9,0,11.246557114645839,582.924288
warmup,mlp,9,1,6.624547066166997,582.934528
warmup,attention,10,0,3.7995190359652042,567.203328
warmup,attention,10,1,4.092074930667877,518.696448
warmup,mlp,10,0,10.237058158963919,582.924288
warmup,mlp,10,1,7.035423070192337,582.934528
warmup,attention,11,0,3.9847660809755325,567.203328
warmup,attention,11,1,3.900686977431178,518.696448
warmup,mlp,11,0,10.929990792647004,582.924288
warmup,mlp,11,1,9.966611163690686,582.934528
warmup,attention,12,0,3.846558043733239,567.203328
warmup,attention,12,1,3.9879961404949427,518.696448
warmup,mlp,12,0,12.404774082824588,582.924288
warmup,mlp,12,1,10.095488978549838,582.934528
warmup,attention,13,0,4.152524983510375,567.203328
warmup,attention,13,1,3.9204368367791176,518.696448
warmup,mlp,13,0,11.039959033951163,582.924288
warmup,mlp,13,1,10.222448036074638,582.934528
warmup,attention,14,0,4.825307056307793,567.203328
warmup,attention,14,1,3.8425170350819826,518.696448
warmup,mlp,14,0,11.554633034393191,582.924288
warmup,mlp,14,1,8.41751811094582,582.934528
warmup,attention,15,0,3.836016869172454,567.203328
warmup,attention,15,1,4.445631988346577,518.696448
warmup,mlp,15,0,9.258908918127418,582.924288
warmup,mlp,15,1,9.503806009888649,582.934528
warmup,attention,16,0,3.8141380064189434,567.203328
warmup,attention,16,1,3.869377076625824,518.696448
warmup,mlp,16,0,12.465184088796377,582.924288
warmup,mlp,16,1,9.956751018762589,582.934528
warmup,attention,17,0,3.7646188866347075,567.203328
warmup,attention,17,1,3.908297047019005,518.696448
warmup,mlp,17,0,11.441364884376526,582.924288
warmup,mlp,17,1,10.024250019341707,582.934528
warmup,attention,18,0,3.8272980600595474,567.203328
warmup,attention,18,1,3.7865780759602785,518.696448
warmup,mlp,18,0,10.8775501139462,582.924288
warmup,mlp,18,1,6.755065871402621,582.934528
warmup,attention,19,0,4.860657034441829,567.203328
warmup,attention,19,1,3.78811894915998,518.696448
warmup,mlp,19,0,14.663889072835445,582.924288
warmup,mlp,19,1,6.783525925129652,582.934528
warmup,attention,20,0,3.8444579113274813,567.203328
warmup,attention,20,1,3.8818679749965668,518.696448
warmup,mlp,20,0,8.663484128192067,582.924288
warmup,mlp,20,1,11.607772903516889,582.934528
warmup,attention,21,0,3.814748954027891,567.203328
warmup,attention,21,1,3.8672981318086386,518.696448
warmup,mlp,21,0,12.094906996935606,582.924288
warmup,mlp,21,1,8.532046107575297,582.934528
warmup,attention,22,0,3.8447279948741198,567.203328
warmup,attention,22,1,3.7980079650878906,518.696448
warmup,mlp,22,0,8.493867004290223,582.924288
warmup,mlp,22,1,10.7875419780612,582.934528
warmup,attention,23,0,3.8450979627668858,567.203328
warmup,attention,23,1,3.863927908241749,518.696448
warmup,mlp,23,0,10.790711967274547,582.924288
warmup,mlp,23,1,7.4649378657341,582.934528
warmup,attention,24,0,4.1435940656811,567.203328
warmup,attention,24,1,4.377792123705149,518.696448
warmup,mlp,24,0,12.369943782687187,582.924288
warmup,mlp,24,1,6.841464899480343,582.934528
warmup,attention,25,0,3.9084479212760925,567.203328
warmup,attention,25,1,3.9094178937375546,518.696448
warmup,mlp,25,0,11.346505023539066,582.924288
warmup,mlp,25,1,7.063671946525574,582.934528
warmup,attention,26,0,3.9603260811418295,567.203328
warmup,attention,26,1,4.088104935362935,518.696448
warmup,mlp,26,0,12.531813001260161,582.924288
warmup,mlp,26,1,6.7490460351109505,582.934528
warmup,attention,27,0,4.1186639573425055,567.203328
warmup,attention,27,1,3.848467953503132,518.696448
warmup,mlp,27,0,10.94144000671804,582.924288
warmup,mlp,27,1,6.786965997889638,582.934528
warmup,attention,28,0,3.849117085337639,567.203328
warmup,attention,28,1,4.1975839994847775,518.696448
warmup,mlp,28,0,12.417513877153397,582.924288
warmup,mlp,28,1,6.965933833271265,582.934528
warmup,attention,29,0,4.101004917174578,567.203328
warmup,attention,29,1,3.8873981684446335,518.696448
warmup,mlp,29,0,15.385881997644901,582.924288
warmup,mlp,29,1,6.675385870039463,582.934528
warmup,attention,30,0,3.987346077337861,567.203328
warmup,attention,30,1,4.112974973395467,518.696448
warmup,mlp,30,0,14.012996107339859,582.924288
warmup,mlp,30,1,6.816355977207422,582.934528
warmup,attention,31,0,4.624958848580718,567.203328
warmup,attention,31,1,3.8811168633401394,518.696448
warmup,mlp,31,0,16.670287121087313,582.924288
warmup,mlp,31,1,6.643987027928233,582.934528
warmup,attention,32,0,3.884117119014263,567.203328
warmup,attention,32,1,3.9702770300209522,518.696448
warmup,mlp,32,0,16.020174836739898,582.924288
warmup,mlp,32,1,6.637776969000697,582.934528
warmup,attention,33,0,3.88235691934824,567.203328
warmup,attention,33,1,3.902207128703594,518.696448
warmup,mlp,33,0,10.833960957825184,582.924288
warmup,mlp,33,1,6.608457071706653,582.934528
warmup,attention,34,0,3.89043684117496,567.203328
warmup,attention,34,1,3.857047064229846,518.696448
warmup,mlp,34,0,12.569051934406161,582.924288
warmup,mlp,34,1,6.608107825741172,582.934528
warmup,attention,35,0,4.8619459848850965,567.203328
warmup,attention,35,1,3.8668580818921328,518.696448
warmup,mlp,35,0,13.390042819082737,582.924288
warmup,mlp,35,1,6.6980659030377865,582.934528
forward,embedding,-1,0,0.35752588883042336,1005.321216
forward,embedding,-1,1,0.3802860155701637,1036.171264
forward,embedding,-1,2,0.3646961413323879,1037.481984
forward,embedding,-1,3,0.3664360847324133,1038.792704
forward,embedding,-1,4,0.3683660179376602,1040.103424
forward,embedding,-1,5,0.33812597393989563,1041.414144
forward,embedding,-1,6,0.3423860762268305,1042.724864
forward,embedding,-1,7,0.33606612123548985,1044.035584
forward,attention,0,0,1.426914008334279,1056.1152
forward,attention,0,1,1.4025939162820578,1059.4432
forward,mlp,0,0,2.13667587377131,1094.12864
forward,mlp,0,1,2.2148650605231524,1104.6144
forward,attention,1,0,1.3447548262774944,1060.71296
forward,attention,1,1,1.3739049900323153,1059.4432
forward,mlp,1,0,2.1030569914728403,1094.12864
forward,mlp,1,1,2.220884896814823,1104.6144
forward,attention,2,0,1.3662248384207487,1060.71296
forward,attention,2,1,1.4076749794185162,1059.4432
forward,mlp,2,0,2.063248073682189,1094.12864
forward,mlp,2,1,2.2279350087046623,1104.6144
forward,attention,3,0,1.350934850051999,1060.71296
forward,attention,3,1,1.3877151068300009,1059.4432
forward,mlp,3,0,2.044446999207139,1094.12864
forward,mlp,3,1,2.203925047069788,1104.6144
forward,attention,4,0,1.424924936145544,1060.71296
forward,attention,4,1,1.4311440754681826,1059.4432
forward,mlp,4,0,2.283065114170313,1094.12864
forward,mlp,4,1,2.1959159057587385,1104.6144
forward,attention,5,0,1.3858650345355272,1060.71296
forward,attention,5,1,1.4720340259373188,1059.4432
forward,mlp,5,0,2.037488156929612,1094.12864
forward,mlp,5,1,2.2036659065634012,1104.6144
forward,attention,6,0,1.333775231614709,1060.71296
forward,attention,6,1,1.3773150276392698,1059.4432
forward,mlp,6,0,2.1530159283429384,1094.12864
forward,mlp,6,1,2.4308140855282545,1104.6144
forward,attention,7,0,1.3639749959111214,1060.71296
forward,attention,7,1,1.385475043207407,1059.4432
forward,mlp,7,0,2.091247122734785,1094.12864
forward,mlp,7,1,2.1927859634160995,1104.6144
forward,attention,8,0,1.3316059485077858,1060.71296
forward,attention,8,1,1.3942851219326258,1059.4432
forward,mlp,8,0,2.1467849146574736,1094.12864
forward,mlp,8,1,2.217294881120324,1104.6144
forward,attention,9,0,1.3240152038633823,1060.71296
forward,attention,9,1,1.389764016494155,1059.4432
forward,mlp,9,0,2.1368060261011124,1094.12864
forward,mlp,9,1,2.22034496255219,1104.6144
forward,attention,10,0,1.3508850242942572,1060.71296
forward,attention,10,1,1.3765550684183836,1059.4432
forward,mlp,10,0,2.1471050567924976,1094.12864
forward,mlp,10,1,2.2021860349923372,1104.6144
forward,attention,11,0,1.3269148766994476,1060.71296
forward,attention,11,1,1.4057941734790802,1059.4432
forward,mlp,11,0,2.1038460545241833,1094.12864
forward,mlp,11,1,2.2243650164455175,1104.6144
forward,attention,12,0,1.3251649215817451,1060.71296
forward,attention,12,1,1.3839539606124163,1059.4432
forward,mlp,12,0,2.1140461321920156,1094.12864
forward,mlp,12,1,2.2180350497365,1104.6144
forward,attention,13,0,1.345174852758646,1060.71296
forward,attention,13,1,1.3745338656008244,1059.4432
forward,mlp,13,0,2.1348160225898027,1094.12864
forward,mlp,13,1,2.2048749960958958,1104.6144
forward,attention,14,0,1.3398351147770882,1060.71296
forward,attention,14,1,1.5930519439280033,1059.4432
forward,mlp,14,0,2.058447105810046,1094.12864
forward,mlp,14,1,2.2153148893266916,1104.6144
forward,attention,15,0,1.3340851292014122,1060.71296
forward,attention,15,1,1.3943938538432121,1059.4432
forward,mlp,15,0,2.049726899713278,1094.12864
forward,mlp,15,1,2.2144648246467113,1104.6144
forward,attention,16,0,1.33173493668437,1060.71296
forward,attention,16,1,1.3796149287372828,1059.4432
forward,mlp,16,0,2.1437560208141804,1094.12864
forward,mlp,16,1,2.213635016232729,1104.6144
forward,attention,17,0,1.3252550270408392,1060.71296
forward,attention,17,1,1.3962641824036837,1059.4432
forward,mlp,17,0,2.108145970851183,1094.12864
forward,mlp,17,1,2.212065039202571,1104.6144
forward,attention,18,0,1.319756032899022,1060.71296
forward,attention,18,1,1.3698749244213104,1059.4432
forward,mlp,18,0,2.0366369280964136,1094.12864
forward,mlp,18,1,2.193074906244874,1104.6144
forward,attention,19,0,1.3238850515335798,1060.71296
forward,attention,19,1,1.3874839060008526,1059.4432
forward,mlp,19,0,2.048727124929428,1094.12864
forward,mlp,19,1,2.4176829028874636,1104.6144
forward,attention,20,0,1.3287649489939213,1060.71296
forward,attention,20,1,1.3837339356541634,1059.4432
forward,mlp,20,0,2.090146066620946,1094.12864
forward,mlp,20,1,2.203175099566579,1104.6144
forward,attention,21,0,1.3266149908304214,1060.71296
forward,attention,21,1,1.3889239635318518,1059.4432
forward,mlp,21,0,2.109027002006769,1094.12864
forward,mlp,21,1,2.2014249116182327,1104.6144
forward,attention,22,0,1.3363449834287167,1060.71296
forward,attention,22,1,1.3894550502300262,1059.4432
forward,mlp,22,0,2.122775884345174,1094.12864
forward,mlp,22,1,2.2167449351400137,1104.6144
forward,attention,23,0,1.3283549342304468,1060.71296
forward,attention,23,1,1.3547749258577824,1059.4432
forward,mlp,23,0,2.0124970469623804,1094.12864
forward,mlp,23,1,2.234285231679678,1104.6144
forward,attention,24,0,1.3392651453614235,1060.71296
forward,attention,24,1,1.405383925884962,1059.4432
forward,mlp,24,0,2.1194759756326675,1094.12864
forward,mlp,24,1,2.571311080828309,1104.6144
forward,attention,25,0,1.3135750778019428,1060.71296
forward,attention,25,1,1.3761650770902634,1059.4432
forward,mlp,25,0,2.07768683321774,1094.12864
forward,mlp,25,1,2.229935023933649,1104.6144
forward,attention,26,0,1.3190549798309803,1060.71296
forward,attention,26,1,1.3875940348953009,1059.4432
forward,mlp,26,0,2.0471669267863035,1094.12864
forward,mlp,26,1,2.219845075160265,1104.6144
forward,attention,27,0,1.325475051999092,1060.71296
forward,attention,27,1,1.3811150565743446,1059.4432
forward,mlp,27,0,2.043407177552581,1094.12864
forward,mlp,27,1,2.201955998316407,1104.6144
forward,attention,28,0,1.3418849557638168,1060.71296
forward,attention,28,1,1.3768840581178665,1059.4432
forward,mlp,28,0,2.0314070861786604,1094.12864
forward,mlp,28,1,2.2029958199709654,1104.6144
forward,attention,29,0,1.321955118328333,1060.71296
forward,attention,29,1,1.3869849499315023,1059.4432
forward,mlp,29,0,2.0342168863862753,1094.12864
forward,mlp,29,1,2.1999848540872335,1104.6144
forward,attention,30,0,1.3390849344432354,1060.71296
forward,attention,30,1,1.3970450963824987,1059.4432
forward,mlp,30,0,2.020986983552575,1094.12864
forward,mlp,30,1,2.2065548691898584,1104.6144
forward,attention,31,0,1.317676156759262,1060.71296
forward,attention,31,1,1.3880839105695486,1059.4432
forward,mlp,31,0,2.0219481084495783,1094.12864
forward,mlp,31,1,2.2189149167388678,1104.6144
forward,attention,32,0,1.3199348468333483,1060.71296
forward,attention,32,1,1.397895161062479,1059.4432
forward,mlp,32,0,2.016426995396614,1094.12864
forward,mlp,32,1,2.2302051074802876,1104.6144
forward,attention,33,0,1.4111739583313465,1060.71296
forward,attention,33,1,1.3843351043760777,1059.4432
forward,mlp,33,0,2.003028057515621,1094.12864
forward,mlp,33,1,2.2143248934298754,1104.6144
forward,attention,34,0,1.330084865912795,1060.71296
forward,attention,34,1,1.4385129325091839,1059.4432
forward,mlp,34,0,2.0532768685370684,1094.12864
forward,mlp,34,1,2.2032849956303835,1104.6144
forward,attention,35,0,1.344064949080348,1060.71296
forward,attention,35,1,1.3960739597678185,1059.4432
forward,mlp,35,0,2.0281770266592503,1094.12864
forward,mlp,35,1,2.2162948735058308,1104.6144
backward,embedding,-1,0,0.2989470958709717,1009.51552
backward,embedding,-1,1,0.33775600604712963,1040.365568
backward,embedding,-1,2,0.37280586548149586,1041.676288
backward,embedding,-1,3,0.38300594314932823,1042.987008
backward,embedding,-1,4,0.38499501533806324,1044.297728
backward,embedding,-1,5,0.3860360011458397,1045.608448
backward,embedding,-1,6,0.36160601302981377,1046.919168
backward,embedding,-1,7,0.3726158756762743,1048.229888
backward,attention,0,0,1.3762640301138163,1070.139904
backward,attention,0,1,1.4033049810677767,1075.382784
backward,mlp,0,0,1.9773279782384634,1129.780224
backward,mlp,0,1,2.204975113272667,1140.265984
backward,attention,1,0,1.2808460742235184,1106.850304
backward,attention,1,1,1.374254934489727,1106.184704
backward,mlp,1,0,2.021057065576315,1150.751744
backward,mlp,1,1,2.067446941509843,1150.751744
backward,attention,2,0,1.286426093429327,1118.253568
backward,attention,2,1,1.4049641322344542,1116.015104
backward,mlp,2,0,2.0203469321131706,1161.237504
backward,mlp,2,1,2.0738670136779547,1161.237504
backward,attention,3,0,1.2804660946130753,1128.477184
backward,attention,3,1,1.3940241187810898,1126.500864
backward,mlp,3,0,2.0544168073683977,1171.723264
backward,mlp,3,1,2.051906893029809,1171.723264
backward,attention,4,0,1.2848961632698774,1139.225088
backward,attention,4,1,1.5971020329743624,1136.986624
backward,mlp,4,0,1.9994680769741535,1182.209024
backward,mlp,4,1,2.0328769460320473,1182.209024
backward,attention,5,0,1.279985997825861,1149.448704
backward,attention,5,1,1.3792940881103277,1147.472384
backward,mlp,5,0,2.012767130509019,1192.694784
backward,mlp,5,1,2.0601169671863317,1192.694784
backward,attention,6,0,1.2905451003462076,1160.196608
backward,attention,6,1,1.3811939861625433,1157.958144
backward,mlp,6,0,2.02570715919137,1203.180544
backward,mlp,6,1,2.0543569698929787,1203.180544
backward,attention,7,0,1.2776060029864311,1170.420224
backward,attention,7,1,1.4434128534048796,1168.443904
backward,mlp,7,0,2.0368071272969246,1213.666304
backward,mlp,7,1,2.0827059634029865,1213.666304
backward,attention,8,0,1.278416020795703,1181.168128
backward,attention,8,1,1.3830850366503,1178.929664
backward,mlp,8,0,2.106816042214632,1224.152064
backward,mlp,8,1,2.058336976915598,1224.152064
backward,attention,9,0,1.2877460103482008,1191.391744
backward,attention,9,1,1.3832540716975927,1189.415424
backward,mlp,9,0,2.022617030888796,1234.637824
backward,mlp,9,1,2.048406982794404,1234.637824
backward,attention,10,0,1.288325060158968,1202.139648
backward,attention,10,1,1.3737939298152924,1199.901184
backward,mlp,10,0,2.0076080691069365,1245.123584
backward,mlp,10,1,2.0590671338140965,1245.123584
backward,attention,11,0,1.2914659455418587,1212.363264
backward,attention,11,1,1.3980339281260967,1210.386944
backward,mlp,11,0,2.0553169306367636,1255.609344
backward,mlp,11,1,2.0457468926906586,1255.609344
backward,attention,12,0,1.2709861621260643,1223.111168
backward,attention,12,1,1.380824949592352,1220.872704
backward,mlp,12,0,2.0133270882070065,1266.095104
backward,mlp,12,1,2.0593670196831226,1266.095104
backward,attention,13,0,1.2840661220252514,1233.334784
backward,attention,13,1,1.3692339416593313,1231.358464
backward,mlp,13,0,2.0667368080466986,1276.580864
backward,mlp,13,1,2.0617658738046885,1276.580864
backward,attention,14,0,1.3554450124502182,1244.082688
backward,attention,14,1,1.570963067933917,1241.844224
backward,mlp,14,0,2.0437969360500574,1287.066624
backward,mlp,14,1,2.042267005890608,1287.066624
backward,attention,15,0,1.2850959319621325,1254.306304
backward,attention,15,1,1.6077018808573484,1252.329984
backward,mlp,15,0,2.0497171208262444,1297.552384
backward,mlp,15,1,2.060957020148635,1297.552384
backward,attention,16,0,1.2753959745168686,1265.054208
backward,attention,16,1,1.379973953589797,1262.815744
backward,mlp,16,0,2.10261601023376,1308.038144
backward,mlp,16,1,2.0662269089370966,1308.038144
backward,attention,17,0,1.2830460909754038,1275.277824
backward,attention,17,1,1.4051739126443863,1273.301504
backward,mlp,17,0,1.9840579479932785,1318.523904
backward,mlp,17,1,2.0656969863921404,1318.523904
backward,attention,18,0,1.2955560814589262,1286.025728
backward,attention,18,1,1.3851441908627748,1283.787264
backward,mlp,18,0,2.0083379931747913,1329.009664
backward,mlp,18,1,2.0642068702727556,1329.009664
backward,attention,19,0,1.2738960795104504,1296.249344
backward,attention,19,1,1.4019841328263283,1294.273024
backward,mlp,19,0,2.012616954743862,1339.495424
backward,mlp,19,1,2.0596159156411886,1339.495424
backward,attention,20,0,1.2890559155493975,1306.997248
backward,attention,20,1,1.3854738790541887,1304.758784
backward,mlp,20,0,1.990867080166936,1349.981184
backward,mlp,20,1,2.0470169838517904,1349.981184
backward,attention,21,0,1.2886461336165667,1317.220864
backward,attention,21,1,1.3858550228178501,1315.244544
backward,mlp,21,0,1.990688033401966,1360.466944
backward,mlp,21,1,2.0697670988738537,1360.466944
backward,attention,22,0,1.2785759754478931,1327.968768
backward,attention,22,1,1.3909039553254843,1325.730304
backward,mlp,22,0,2.017197199165821,1370.952704
backward,mlp,22,1,2.0347870886325836,1370.952704
backward,attention,23,0,1.2858652044087648,1338.192384
backward,attention,23,1,1.384655013680458,1336.216064
backward,mlp,23,0,2.0253080874681473,1381.438464
backward,mlp,23,1,2.0438767969608307,1381.438464
backward,attention,24,0,1.2852051295340061,1348.940288
backward,attention,24,1,1.3739450369030237,1346.701824
backward,mlp,24,0,1.9883280619978905,1391.924224
backward,mlp,24,1,2.041356870904565,1391.924224
backward,attention,25,0,1.3070658314973116,1359.163904
backward,attention,25,1,1.400435110554099,1357.187584
backward,mlp,25,0,2.0156078971922398,1402.409984
backward,mlp,25,1,2.0912769250571728,1402.409984
backward,attention,26,0,1.272215973585844,1369.911808
backward,attention,26,1,1.4132740907371044,1367.673344
backward,mlp,26,0,2.1247360855340958,1412.895744
backward,mlp,26,1,2.0555269438773394,1412.895744
backward,attention,27,0,1.2691461015492678,1380.135424
backward,attention,27,1,1.3675251975655556,1378.159104
backward,mlp,27,0,2.0588261540979147,1423.381504
backward,mlp,27,1,2.092235954478383,1423.381504
backward,attention,28,0,1.2885360047221184,1390.883328
backward,attention,28,1,1.372834900394082,1388.644864
backward,mlp,28,0,2.0118867978453636,1433.867264
backward,mlp,28,1,2.037137048318982,1433.867264
backward,attention,29,0,1.2653660960495472,1401.106944
backward,attention,29,1,1.3789038639515638,1399.130624
backward,mlp,29,0,2.5672907941043377,1444.353024
backward,mlp,29,1,2.078596968203783,1444.353024
backward,attention,30,0,1.3324348255991936,1411.854848
backward,attention,30,1,1.3776749838143587,1409.616384
backward,mlp,30,0,2.0656760316342115,1454.838784
backward,mlp,30,1,2.0529069006443024,1454.838784
backward,attention,31,0,1.2685060501098633,1422.078464
backward,attention,31,1,1.3652050402015448,1420.102144
backward,mlp,31,0,2.0363570656627417,1465.324544
backward,mlp,31,1,2.0483569242060184,1465.324544
backward,attention,32,0,1.2670459691435099,1432.826368
backward,attention,32,1,1.3915738090872765,1430.587904
backward,mlp,32,0,2.0122870337218046,1475.810304
backward,mlp,32,1,2.047067042440176,1475.810304
backward,attention,33,0,1.2851960491389036,1443.049984
backward,attention,33,1,1.3753650709986687,1441.073664
backward,mlp,33,0,2.0116071682423353,1486.296064
backward,mlp,33,1,2.0945961587131023,1486.296064
backward,attention,34,0,1.2796460650861263,1453.797888
backward,attention,34,1,1.3734949752688408,1451.559424
backward,mlp,34,0,1.9951669964939356,1496.781824
backward,mlp,34,1,2.0441170781850815,1496.781824
backward,attention,35,0,1.2973849661648273,1464.021504
backward,attention,35,1,1.397324027493596,1462.045184
backward,mlp,35,0,2.028286922723055,1507.267584
backward,mlp,35,1,2.088045934215188,1507.267584
backward,output_head,-1,0,2.5220420211553574,1462.34368
backward,output_head,-1,1,2.283375011757016,1462.351872
backward,output_head,-1,2,2.2817549761384726,1462.360064
backward,output_head,-1,3,2.301204949617386,1462.360064
backward,output_head,-1,4,2.2651548497378826,1462.360064
backward,output_head,-1,5,2.3290340323001146,1462.360064
backward,output_head,-1,6,2.264884999021888,1462.360064
backward,output_head,-1,7,2.2938440088182688,1462.373376
backward,output_head,-1,0,8.64730286411941,1690.529792
backward,output_head,-1,1,12.067063944414258,1887.305728
backward,output_head,-1,2,11.819506995379925,2084.06528
backward,output_head,-1,3,11.931395856663585,2280.824832
backward,output_head,-1,4,11.755357030779123,2477.584384
backward,output_head,-1,5,12.429219903424382,2674.384896
backward,output_head,-1,6,12.024444993585348,2871.144448
backward,output_head,-1,7,11.737808119505644,3067.987968
backward,attention,35,0,1.0474780574440956,1411.606016
backward,attention,35,1,1.1387579143047333,1414.934016
backward,mlp,35,0,5.848674103617668,1591.209472
backward,mlp,35,1,5.320250056684017,1591.926272
backward,attention,35,0,3.0584950000047684,1511.003136
backward,attention,35,1,3.1282149720937014,1508.836352
backward,attention,34,0,1.0834978893399239,1470.022656
backward,attention,34,1,1.1300868354737759,1473.954816
backward,mlp,34,0,5.513697862625122,1618.765312
backward,mlp,34,1,5.3080611396580935,1618.775552
backward,attention,34,0,2.965287072584033,1527.155712
backward,attention,34,1,3.1514749862253666,1525.148672
backward,attention,33,0,1.0786280035972595,1476.555776
backward,attention,33,1,1.1355970054864883,1480.487936
backward,mlp,33,0,5.2220618817955256,1625.349632
backward,mlp,33,1,5.295520182698965,1625.359872
backward,attention,33,0,2.9845358803868294,1533.084672
backward,attention,33,1,3.320323070511222,1531.732992
backward,attention,32,0,1.0889980476349592,1483.191296
backward,attention,32,1,1.1534569784998894,1487.123456
backward,mlp,32,0,5.560816964134574,1631.933952
backward,mlp,32,1,5.314690060913563,1631.944192
backward,attention,32,0,2.980737015604973,1541.241856
backward,attention,32,1,3.137605031952262,1538.972672
backward,attention,31,0,1.0739979334175587,1490.379776
backward,attention,31,1,1.1443770490586758,1493.656576
backward,mlp,31,0,5.499978084117174,1638.518272
backward,mlp,31,1,5.310280015692115,1638.528512
backward,attention,31,0,2.952427137643099,1546.908672
backward,attention,31,1,3.106974996626377,1544.901632
backward,attention,30,0,1.1036379728466272,1496.308736
backward,attention,30,1,1.20631605386734,1499.585536
backward,mlp,30,0,5.2535999566316605,1645.102592
backward,mlp,30,1,5.261701066046953,1645.112832
backward,attention,30,0,3.14935389906168,1553.492992
backward,attention,30,1,3.178904065862298,1552.796672
backward,attention,29,0,1.0794878471642733,1502.893056
backward,attention,29,1,1.1347781401127577,1507.480576
backward,mlp,29,0,5.228441208600998,1651.686912
backward,mlp,29,1,5.314880050718784,1651.697152
backward,attention,29,0,2.9749558307230473,1560.732672
backward,attention,29,1,3.123815171420574,1559.380992
backward,attention,28,0,1.0748680215328932,1510.788096
backward,attention,28,1,1.1331068817526102,1514.064896
backward,mlp,28,0,5.233940901234746,1658.271232
backward,mlp,28,1,5.310150794684887,1658.281472
backward,attention,28,0,2.965887077152729,1567.316992
backward,attention,28,1,3.1209138687700033,1565.965312
backward,attention,27,0,1.0760379955172539,1516.061696
backward,attention,27,1,1.132427016273141,1520.649216
backward,mlp,27,0,5.2942701149731874,1664.855552
backward,mlp,27,1,5.305371014401317,1664.865792
backward,attention,27,0,2.9439472127705812,1573.901312
backward,attention,27,1,3.124874783679843,1572.549632
backward,attention,26,0,1.1072380002588034,1522.646016
backward,attention,26,1,1.1356270406395197,1527.233536
backward,mlp,26,0,5.275740055367351,1671.439872
backward,mlp,26,1,5.320410011336207,1671.450112
backward,attention,26,0,2.965437015518546,1580.485632
backward,attention,26,1,3.1202950049191713,1579.133952
backward,attention,25,0,1.0944081004709005,1530.541056
backward,attention,25,1,1.137667102739215,1533.162496
backward,mlp,25,0,5.804834887385368,1678.024192
backward,mlp,25,1,5.2986410446465015,1678.034432
backward,attention,25,0,2.998027019202709,1587.069952
backward,attention,25,1,3.1730139162391424,1585.718272
backward,attention,24,0,1.0753069072961807,1537.125376
backward,attention,24,1,1.1565471068024635,1539.746816
backward,mlp,24,0,5.232241004705429,1684.608512
backward,mlp,24,1,5.289760883897543,1684.618752
backward,attention,24,0,3.0834749341011047,1593.654272
backward,attention,24,1,3.125194925814867,1592.302592
backward,attention,23,0,1.0977669153362513,1542.398976
backward,attention,23,1,1.1274470016360283,1546.986496
backward,mlp,23,0,5.233740899711847,1691.192832
backward,mlp,23,1,5.333420122042298,1691.203072
backward,attention,23,0,2.998596988618374,1599.583232
backward,attention,23,1,3.30314296297729,1597.576192
backward,attention,22,0,1.0896979365497828,1548.983296
backward,attention,22,1,1.1515470687299967,1552.915456
backward,mlp,22,0,5.225100787356496,1697.777152
backward,mlp,22,1,5.274470895528793,1697.787392
backward,attention,22,0,3.1492840498685837,1607.085056
backward,attention,22,1,3.127204952761531,1605.471232
backward,attention,21,0,1.0779378935694695,1554.912256
backward,attention,21,1,1.13317696377635,1560.155136
backward,mlp,21,0,5.233170930296183,1704.361472
backward,mlp,21,1,5.463778041303158,1704.371712
backward,attention,21,0,3.007546067237854,1612.751872
backward,attention,21,1,3.2706239726394415,1611.400192
backward,attention,20,0,1.0760379955172539,1562.807296
backward,attention,20,1,1.1340670753270388,1566.084096
backward,mlp,20,0,5.214621080085635,1710.945792
backward,mlp,20,1,5.281600868329406,1710.956032
backward,attention,20,0,3.1172852031886578,1619.991552
backward,attention,20,1,3.6626788787543774,1617.329152
backward,attention,19,0,1.3574948534369469,1568.736256
backward,attention,19,1,1.3845439534634352,1572.013056
backward,mlp,19,0,5.292730871587992,1717.530112
backward,mlp,19,1,5.562347825616598,1717.540352
backward,attention,19,0,2.9614369850605726,1626.575872
backward,attention,19,1,3.6081199068576097,1625.224192
backward,attention,18,0,1.5783519484102726,1576.631296
backward,attention,18,1,1.3889949768781662,1579.252736
backward,mlp,18,0,5.267231026664376,1724.114432
backward,mlp,18,1,5.55940717458725,1724.124672
backward,attention,18,0,3.0588849913328886,1633.160192
backward,attention,18,1,3.5556501243263483,1632.515072
backward,attention,17,0,1.5102231409400702,1583.215616
backward,attention,17,1,1.3970551081001759,1586.543616
backward,mlp,17,0,5.259941099211574,1730.698752
backward,mlp,17,1,5.5598069448024035,1730.708992
backward,attention,17,0,2.993796020746231,1639.744512
backward,attention,17,1,3.938476089388132,1639.099392
backward,attention,16,0,1.7857698258012533,1589.799936
backward,attention,16,1,1.3880750630050898,1593.127936
backward,mlp,16,0,5.248791072517633,1737.283072
backward,mlp,16,1,5.512968171387911,1737.293312
backward,attention,16,0,3.0077160336077213,1646.328832
backward,attention,16,1,3.397521795704961,1646.339072
backward,attention,15,0,1.3450148981064558,1597.746176
backward,attention,15,1,1.403904054313898,1600.971776
backward,mlp,15,0,5.249520996585488,1743.867392
backward,mlp,15,1,5.542908096686006,1743.877632
backward,attention,15,0,3.0528558418154716,1652.913152
backward,attention,15,1,4.193932982161641,1652.268032
backward,attention,14,0,1.803969033062458,1601.657856
backward,attention,14,1,1.4281440526247025,1606.951936
backward,mlp,14,0,5.255590891465545,1750.451712
backward,mlp,14,1,5.547436885535717,1750.461952
backward,attention,14,0,2.962277038022876,1659.497472
backward,attention,14,1,3.451212076470256,1658.852352
backward,attention,13,0,1.5558230224996805,1610.259456
backward,attention,13,1,1.3935740571469069,1614.140416
backward,mlp,13,0,5.650065839290619,1757.036032
backward,mlp,13,1,5.531496834009886,1757.046272
backward,attention,13,0,2.9548760503530502,1666.081792
backward,attention,13,1,3.7102678325027227,1664.730112
backward,attention,12,0,1.5296030323952436,1614.826496
backward,attention,12,1,1.403583912178874,1619.414016
backward,mlp,12,0,5.255910800769925,1763.620352
backward,mlp,12,1,5.78218512237072,1763.630592
backward,attention,12,0,2.9834669549018145,1672.666112
backward,attention,12,1,3.393481019884348,1671.314432
backward,attention,11,0,1.337034860625863,1622.721536
backward,attention,11,1,1.3908350374549627,1625.342976
backward,mlp,11,0,5.305540049448609,1770.204672
backward,mlp,11,1,5.550946807488799,1770.214912
backward,attention,11,0,2.992975991219282,1679.250432
backward,attention,11,1,3.705528099089861,1678.605312
backward,attention,10,0,1.3134351465851068,1629.305856
backward,attention,10,1,1.3759140856564045,1632.633856
backward,mlp,10,0,5.247460911050439,1776.788992
backward,mlp,10,1,5.755916005000472,1776.799232
backward,attention,10,0,3.0161060858517885,1685.834752
backward,attention,10,1,3.719568019732833,1684.483072
backward,attention,9,0,1.8463691230863333,1635.890176
backward,attention,9,1,1.391225028783083,1638.511616
backward,mlp,9,0,5.420409142971039,1783.373312
backward,mlp,9,1,5.527767818421125,1783.383552
backward,attention,9,0,2.9760170727968216,1692.419072
backward,attention,9,1,3.508510999381542,1692.429312
backward,attention,8,0,1.9196690991520882,1643.181056
backward,attention,8,1,1.421154011040926,1646.406656
backward,mlp,8,0,5.766544956713915,1789.957632
backward,mlp,8,1,5.6923560332506895,1789.967872
backward,attention,8,0,2.9644358437508345,1699.003392
backward,attention,8,1,3.382012015208602,1697.651712
backward,attention,7,0,1.342125004157424,1647.748096
backward,attention,7,1,1.5970119275152683,1652.335616
backward,mlp,7,0,5.238471087068319,1796.541952
backward,mlp,7,1,5.580328172072768,1796.552192
backward,attention,7,0,2.976306015625596,1705.587712
backward,attention,7,1,3.37282195687294,1704.942592
backward,attention,6,0,1.4078940730541945,1656.349696
backward,attention,6,1,1.4030539896339178,1660.230656
backward,mlp,6,0,5.3923591040074825,1803.126272
backward,mlp,6,1,5.57167804799974,1803.136512
backward,attention,6,0,3.0325360130518675,1712.172032
backward,attention,6,1,3.7269480526447296,1711.526912
backward,attention,5,0,1.440713880583644,1662.227456
backward,attention,5,1,1.4208040665835142,1665.555456
backward,mlp,5,0,5.254529882222414,1809.710592
backward,mlp,5,1,5.538358120247722,1809.720832
backward,attention,5,0,3.017995972186327,1718.756352
backward,attention,5,1,3.3795819617807865,1718.111232
backward,attention,4,0,1.3362751342356205,1669.518336
backward,attention,4,1,1.4624230097979307,1672.088576
backward,mlp,4,0,5.25271100923419,1816.294912
backward,mlp,4,1,5.586946848779917,1816.305152
backward,attention,4,0,3.011136082932353,1725.340672
backward,attention,4,1,3.481151070445776,1722.678272
backward,attention,3,0,1.3211951591074467,1673.430016
backward,attention,3,1,1.363223884254694,1677.362176
backward,mlp,3,0,5.275070201605558,1822.879232
backward,mlp,3,1,5.567917134612799,1822.889472
backward,attention,3,0,2.983866957947612,1731.924992
backward,attention,3,1,3.5614799708127975,1730.573312
backward,attention,2,0,1.3216850347816944,1681.980416
backward,attention,2,1,1.3876240700483322,1684.601856
backward,mlp,2,0,5.250161048024893,1829.463552
backward,mlp,2,1,5.557446973398328,1829.473792
backward,attention,2,0,3.0085169710218906,1738.509312
backward,attention,2,1,3.516971133649349,1737.157632
backward,attention,1,0,1.975267194211483,1688.564736
backward,attention,1,1,1.3947540428489447,1691.186176
backward,mlp,1,0,5.265441024675965,1836.047872
backward,mlp,1,1,5.585687002167106,1836.058112
backward,attention,1,0,2.9571258928626776,1745.093632
backward,attention,1,1,3.5490698646754026,1743.741952
backward,attention,0,0,1.3284150045365095,1693.838336
backward,attention,0,1,1.3604238629341125,1698.425856
backward,mlp,0,0,5.269719986245036,1842.632192
backward,mlp,0,1,5.554147996008396,1842.642432
backward,attention,0,0,3.0239159241318703,1751.677952
backward,attention,0,1,3.4111218992620707,1751.032832
backward,embedding,-1,0,1.0356688871979713,1726.078464
backward,embedding,-1,1,0.9317288640886545,1726.078464
backward,embedding,-1,2,0.8897299412637949,1726.078464
backward,embedding,-1,3,0.9118998423218727,1726.078464
backward,embedding,-1,4,0.8805200923234224,1726.078464
backward,embedding,-1,5,0.9286489803344011,1726.078464
backward,embedding,-1,6,0.8938501123338938,1726.078464
backward,embedding,-1,7,0.9175599552690983,1726.078464
optimizer,embedding,-1,0,15.421175863593817,1395.65056
optimizer,embedding,-1,1,11.82946702465415,1395.65056
optimizer,embedding,-1,2,11.554440017789602,1395.65056
optimizer,embedding,-1,3,11.583640007302165,1395.65056
optimizer,embedding,-1,4,16.426385147497058,1395.65056
optimizer,embedding,-1,5,12.126883026212454,1395.65056
optimizer,embedding,-1,6,12.004385003820062,1395.65056
optimizer,embedding,-1,7,11.468910844996572,1395.65056
optimizer,output_head,-1,0,12.994123855605721,1395.316736
optimizer,output_head,-1,1,10.92938706278801,1395.316736
optimizer,output_head,-1,2,10.978186968713999,1395.316736
optimizer,output_head,-1,3,10.619879933074117,1395.316736
optimizer,output_head,-1,4,10.647210059687495,1395.316736
optimizer,output_head,-1,5,11.08007482253015,1395.316736
optimizer,output_head,-1,6,10.818907991051674,1395.316736
optimizer,output_head,-1,7,16.390036093071103,1395.347456
optimizer,attention,0,0,6.433387054130435,1342.158336
optimizer,attention,0,1,5.997972097247839,1229.866496
optimizer,mlp,0,0,9.303195867687464,1294.094336
optimizer,mlp,0,1,9.806419955566525,1294.104576
optimizer,attention,1,0,6.797723937779665,1279.028736
optimizer,attention,1,1,5.299309967085719,1229.866496
optimizer,mlp,1,0,9.826258989050984,1294.094336
optimizer,mlp,1,1,9.707251098006964,1294.104576
optimizer,attention,2,0,6.255229003727436,1279.028736
optimizer,attention,2,1,6.54463586397469,1229.866496
optimizer,mlp,2,0,9.573142044246197,1294.094336
optimizer,mlp,2,1,10.102196130901575,1294.104576
optimizer,attention,3,0,5.962482886388898,1279.028736
optimizer,attention,3,1,6.317598978057504,1229.866496
optimizer,mlp,3,0,9.466524003073573,1294.094336
optimizer,mlp,3,1,10.471141897141933,1294.104576
optimizer,attention,4,0,6.013612030074,1279.028736
optimizer,attention,4,1,5.936522968113422,1229.866496
optimizer,mlp,4,0,9.403974050655961,1294.094336
optimizer,mlp,4,1,9.681541007012129,1294.104576
optimizer,attention,5,0,5.971493199467659,1279.028736
optimizer,attention,5,1,6.680533988401294,1229.866496
optimizer,mlp,5,0,9.75148007273674,1294.094336
optimizer,mlp,5,1,9.498543106019497,1294.104576
optimizer,attention,6,0,5.276000127196312,1279.028736
optimizer,attention,6,1,5.478787934407592,1229.866496
optimizer,mlp,6,0,9.414974134415388,1294.094336
optimizer,mlp,6,1,9.446293814107776,1294.104576
optimizer,attention,7,0,5.4626381024718285,1279.028736
optimizer,attention,7,1,6.3283180352300406,1229.866496
optimizer,mlp,7,0,9.49993310496211,1294.094336
optimizer,mlp,7,1,9.82639892026782,1294.104576
optimizer,attention,8,0,6.113092182204127,1279.028736
optimizer,attention,8,1,5.912744207307696,1229.866496
optimizer,mlp,8,0,9.392603999003768,1294.094336
optimizer,mlp,8,1,10.178685886785388,1294.104576
optimizer,attention,9,0,6.149851018562913,1279.028736
optimizer,attention,9,1,6.008012918755412,1229.866496
optimizer,mlp,9,0,9.216896956786513,1294.094336
optimizer,mlp,9,1,10.317614069208503,1294.104576
optimizer,attention,10,0,6.807902827858925,1279.028736
optimizer,attention,10,1,6.574065890163183,1229.866496
optimizer,mlp,10,0,9.496993152424693,1294.094336
optimizer,mlp,10,1,9.426494129002094,1294.104576
optimizer,attention,11,0,5.173772107809782,1279.028736
optimizer,attention,11,1,5.829373840242624,1229.866496
optimizer,mlp,11,0,9.442613925784826,1294.094336
optimizer,mlp,11,1,10.490782093256712,1294.104576
optimizer,attention,12,0,6.279990077018738,1279.028736
optimizer,attention,12,1,5.838064942508936,1229.866496
optimizer,mlp,12,0,9.409083984792233,1294.094336
optimizer,mlp,12,1,9.775670012459159,1294.104576
optimizer,attention,13,0,5.531528033316135,1279.028736
optimizer,attention,13,1,5.41182910092175,1229.866496
optimizer,mlp,13,0,9.54136298969388,1294.094336
optimizer,mlp,13,1,10.078856954351068,1294.104576
optimizer,attention,14,0,6.366458022966981,1279.028736
optimizer,attention,14,1,6.081341998651624,1229.866496
optimizer,mlp,14,0,9.428123943507671,1294.094336
optimizer,mlp,14,1,10.128305992111564,1294.104576
optimizer,attention,15,0,5.388250108808279,1279.028736
optimizer,attention,15,1,6.403337931260467,1229.866496
optimizer,mlp,15,0,13.341279933229089,1294.094336
optimizer,mlp,15,1,11.19334390386939,1294.104576
optimizer,attention,16,0,5.9296740218997,1279.028736
optimizer,attention,16,1,6.032251985743642,1229.866496
optimizer,mlp,16,0,9.414284024387598,1294.094336
optimizer,mlp,16,1,9.758109925314784,1294.104576
optimizer,attention,17,0,6.051612086594105,1279.028736
optimizer,attention,17,1,5.913153989240527,1229.866496
optimizer,mlp,17,0,9.352104039862752,1294.094336
optimizer,mlp,17,1,10.490142041817307,1294.104576
optimizer,attention,18,0,6.0135130770504475,1279.028736
optimizer,attention,18,1,5.9270530473440886,1229.866496
optimizer,mlp,18,0,9.391984902322292,1294.094336
optimizer,mlp,18,1,9.387433994561434,1294.104576
optimizer,attention,19,0,6.11058110371232,1279.028736
optimizer,attention,19,1,6.066242000088096,1229.866496
optimizer,mlp,19,0,9.348955005407333,1294.094336
optimizer,mlp,19,1,10.57087886147201,1294.104576
optimizer,attention,20,0,6.170268869027495,1279.028736
optimizer,attention,20,1,6.052510114386678,1229.866496
optimizer,mlp,20,0,9.660199051722884,1294.094336
optimizer,mlp,20,1,10.30571199953556,1294.104576
optimizer,attention,21,0,5.947541911154985,1279.028736
optimizer,attention,21,1,5.955822067335248,1229.866496
optimizer,mlp,21,0,9.371512103825808,1294.094336
optimizer,mlp,21,1,9.345283033326268,1294.104576
optimizer,attention,22,0,5.3040089551359415,1279.028736
optimizer,attention,22,1,5.295009119436145,1229.866496
optimizer,mlp,22,0,9.51606105081737,1294.094336
optimizer,mlp,22,1,9.297983022406697,1294.104576
optimizer,attention,23,0,5.254250019788742,1279.028736
optimizer,attention,23,1,5.19919116050005,1229.866496
optimizer,mlp,23,0,9.457061067223549,1294.094336
optimizer,mlp,23,1,9.410732192918658,1294.104576
optimizer,attention,24,0,5.210790084674954,1279.028736
optimizer,attention,24,1,5.31672895886004,1229.866496
optimizer,mlp,24,0,9.30110295303166,1294.094336
optimizer,mlp,24,1,9.527510963380337,1294.104576
optimizer,attention,25,0,5.339108873158693,1279.028736
optimizer,attention,25,1,6.101480219513178,1229.866496
optimizer,mlp,25,0,9.407912148162723,1294.094336
optimizer,mlp,25,1,9.612858993932605,1294.104576
optimizer,attention,26,0,6.43020705319941,1279.028736
optimizer,attention,26,1,5.975591018795967,1229.866496
optimizer,mlp,26,0,9.406062075868249,1294.094336
optimizer,mlp,26,1,10.13375399634242,1294.104576
optimizer,attention,27,0,5.305079976096749,1279.028736
optimizer,attention,27,1,5.344767821952701,1229.866496
optimizer,mlp,27,0,9.698329027742147,1294.094336
optimizer,mlp,27,1,9.531110990792513,1294.104576
optimizer,attention,28,0,5.2889990620315075,1279.028736
optimizer,attention,28,1,5.358617985621095,1229.866496
optimizer,mlp,28,0,9.847777197137475,1294.094336
optimizer,mlp,28,1,10.263301897794008,1294.104576
optimizer,attention,29,0,5.284389015287161,1279.028736
optimizer,attention,29,1,5.930311977863312,1229.866496
optimizer,mlp,29,0,9.668768849223852,1294.094336
optimizer,mlp,29,1,10.193583089858294,1294.104576
optimizer,attention,30,0,6.059190025553107,1279.028736
optimizer,attention,30,1,6.138309137895703,1229.866496
optimizer,mlp,30,0,9.409902151674032,1294.094336
optimizer,mlp,30,1,9.591839974746108,1294.104576
optimizer,attention,31,0,5.215419922024012,1279.028736
optimizer,attention,31,1,5.4478568490594625,1229.866496
optimizer,mlp,31,0,11.287871049717069,1294.094336
optimizer,mlp,31,1,9.747168980538845,1294.104576
optimizer,attention,32,0,5.246330052614212,1279.028736
optimizer,attention,32,1,5.318629089742899,1229.866496
optimizer,mlp,32,0,9.430652018636465,1294.094336
optimizer,mlp,32,1,13.18719913251698,1294.104576
optimizer,attention,33,0,5.41124795563519,1279.028736
optimizer,attention,33,1,5.872203037142754,1229.866496
optimizer,mlp,33,0,9.31202294304967,1294.094336
optimizer,mlp,33,1,9.55818104557693,1294.104576
optimizer,attention,34,0,5.965731805190444,1279.028736
optimizer,attention,34,1,5.9017830062657595,1229.866496
optimizer,mlp,34,0,12.75577419437468,1294.094336
optimizer,mlp,34,1,10.173453949391842,1294.104576
optimizer,attention,35,0,6.193659035488963,1279.028736
optimizer,attention,35,1,6.082031177356839,1229.866496
optimizer,mlp,35,0,9.48238093405962,1294.094336
optimizer,mlp,35,1,10.217292932793498,1294.104576
validation,embedding,-1,0,0.3675459884107113,1242.366976
validation,embedding,-1,1,0.373306218534708,1273.217024
validation,embedding,-1,2,0.3152070567011833,1274.527744
validation,embedding,-1,3,0.3133760765194893,1275.838464
validation,embedding,-1,4,0.31510693952441216,1277.149184
validation,embedding,-1,5,0.34962594509124756,1278.459904
validation,embedding,-1,6,0.31313602812588215,1279.770624
validation,embedding,-1,7,0.29997690580785275,1281.081344
validation,attention,0,0,1.1124671436846256,1293.16096
validation,attention,0,1,1.1085669975727797,1296.48896
validation,mlp,0,0,2.125045983120799,1328.55296
validation,mlp,0,1,2.1337061189115047,1339.03872
validation,attention,1,0,1.0516580659896135,1297.75872
validation,attention,1,1,1.1126170866191387,1296.48896
validation,mlp,1,0,2.10884609259665,1328.55296
validation,mlp,1,1,2.149095991626382,1339.03872
validation,attention,2,0,1.0575680062174797,1297.75872
validation,attention,2,1,1.1085369624197483,1296.48896
validation,mlp,2,0,2.112635876983404,1328.55296
validation,mlp,2,1,2.5955510791391134,1339.03872
validation,attention,3,0,1.047878060489893,1297.75872
validation,attention,3,1,1.1139069683849812,1296.48896
validation,mlp,3,0,2.111955778673291,1328.55296
validation,mlp,3,1,2.144644968211651,1339.03872
validation,attention,4,0,1.0533779859542847,1297.75872
validation,attention,4,1,1.106827985495329,1296.48896
validation,mlp,4,0,2.1170361433178186,1328.55296
validation,mlp,4,1,2.13759602047503,1339.03872
validation,attention,5,0,1.054116990417242,1297.75872
validation,attention,5,1,1.1030170135200024,1296.48896
validation,mlp,5,0,2.123855985701084,1328.55296
validation,mlp,5,1,2.1217658650130033,1339.03872
validation,attention,6,0,1.0506280232220888,1297.75872
validation,attention,6,1,1.1054778005927801,1296.48896
validation,mlp,6,0,2.112866146489978,1328.55296
validation,mlp,6,1,2.128846012055874,1339.03872
validation,attention,7,0,1.0513579472899437,1297.75872
validation,attention,7,1,1.1049769818782806,1296.48896
validation,mlp,7,0,2.138355979695916,1328.55296
validation,mlp,7,1,2.135076094418764,1339.03872
validation,attention,8,0,1.0507081169635057,1297.75872
validation,attention,8,1,1.1046580038964748,1296.48896
validation,mlp,8,0,2.1055859979242086,1328.55296
validation,mlp,8,1,2.1551260724663734,1339.03872
validation,attention,9,0,1.0521379299461842,1297.75872
validation,attention,9,1,1.115438062697649,1296.48896
validation,mlp,9,0,2.1033158991485834,1328.55296
validation,mlp,9,1,2.1434559021145105,1339.03872
validation,attention,10,0,1.046367920935154,1297.75872
validation,attention,10,1,1.1027869768440723,1296.48896
validation,mlp,10,0,2.1318348590284586,1328.55296
validation,mlp,10,1,2.126615960150957,1339.03872
validation,attention,11,0,1.058508176356554,1297.75872
validation,attention,11,1,1.0981468949466944,1296.48896
validation,mlp,11,0,2.138964831829071,1328.55296
validation,mlp,11,1,2.1328350994735956,1339.03872
validation,attention,12,0,1.052288105711341,1297.75872
validation,attention,12,1,1.1093069333583117,1296.48896
validation,mlp,12,0,2.1132358815521,1328.55296
validation,mlp,12,1,2.129055093973875,1339.03872
validation,attention,13,0,1.0486079845577478,1297.75872
validation,attention,13,1,1.1215070262551308,1296.48896
validation,mlp,13,0,2.147275023162365,1328.55296
validation,mlp,13,1,2.144064987078309,1339.03872
validation,attention,14,0,1.049228012561798,1297.75872
validation,attention,14,1,1.1020370293408632,1296.48896
validation,mlp,14,0,2.114185830578208,1328.55296
validation,mlp,14,1,2.1353859920054674,1339.03872
validation,attention,15,0,1.0547181591391563,1297.75872
validation,attention,15,1,1.1006470303982496,1296.48896
validation,mlp,15,0,2.128825057297945,1328.55296
validation,mlp,15,1,2.138755051419139,1339.03872
validation,attention,16,0,1.053547952324152,1297.75872
validation,attention,16,1,1.1026870924979448,1296.48896
validation,mlp,16,0,2.158094896003604,1328.55296
validation,mlp,16,1,2.157175913453102,1339.03872
validation,attention,17,0,1.0542580857872963,1297.75872
validation,attention,17,1,1.1009869631379843,1296.48896
validation,mlp,17,0,2.1037261467427015,1328.55296
validation,mlp,17,1,2.1389450412243605,1339.03872
validation,attention,18,0,1.0532578453421593,1297.75872
validation,attention,18,1,1.1114270891994238,1296.48896
validation,mlp,18,0,2.130444860085845,1328.55296
validation,mlp,18,1,2.142435871064663,1339.03872
validation,attention,19,0,1.0544280521571636,1297.75872
validation,attention,19,1,1.119056949391961,1296.48896
validation,mlp,19,0,2.1188959944993258,1328.55296
validation,mlp,19,1,2.131545916199684,1339.03872
validation,attention,20,0,1.0672679636627436,1297.75872
validation,attention,20,1,1.1055278591811657,1296.48896
validation,mlp,20,0,2.1155760623514652,1328.55296
validation,mlp,20,1,2.122126054018736,1339.03872
validation,attention,21,0,1.0491181164979935,1297.75872
validation,attention,21,1,1.098796958103776,1296.48896
validation,mlp,21,0,2.128775930032134,1328.55296
validation,mlp,21,1,2.1364050917327404,1339.03872
validation,attention,22,0,1.0484480299055576,1297.75872
validation,attention,22,1,1.100917812436819,1296.48896
validation,mlp,22,0,2.1107459906488657,1328.55296
validation,mlp,22,1,2.1556660067290068,1339.03872
validation,attention,23,0,1.0474580340087414,1297.75872
validation,attention,23,1,1.103817019611597,1296.48896
validation,mlp,23,0,2.135025104507804,1328.55296
validation,mlp,23,1,2.1326360292732716,1339.03872
validation,attention,24,0,1.0513181332498789,1297.75872
validation,attention,24,1,1.1172168888151646,1296.48896
validation,mlp,24,0,2.1204459480941296,1328.55296
validation,mlp,24,1,2.1445259917527437,1339.03872
validation,attention,25,0,1.0542969685047865,1297.75872
validation,attention,25,1,1.1020770762115717,1296.48896
validation,mlp,25,0,2.1177760791033506,1328.55296
validation,mlp,25,1,2.15892493724823,1339.03872
validation,attention,26,0,1.0456989984959364,1297.75872
validation,attention,26,1,1.1046170257031918,1296.48896
validation,mlp,26,0,2.1759250666946173,1328.55296
validation,mlp,26,1,2.183744916692376,1339.03872
validation,attention,27,0,1.0479381307959557,1297.75872
validation,attention,27,1,1.1200669687241316,1296.48896
validation,mlp,27,0,2.138586016371846,1328.55296
validation,mlp,27,1,2.1236659958958626,1339.03872
validation,attention,28,0,1.0500981006771326,1297.75872
validation,attention,28,1,1.108276890590787,1296.48896
validation,mlp,28,0,2.18882504850626,1328.55296
validation,mlp,28,1,2.143415855243802,1339.03872
validation,attention,29,0,1.0542378295212984,1297.75872
validation,attention,29,1,1.1026370339095592,1296.48896
validation,mlp,29,0,2.1828049793839455,1328.55296
validation,mlp,29,1,2.146015875041485,1339.03872
validation,attention,30,0,1.055658096447587,1297.75872
validation,attention,30,1,1.0997378267347813,1296.48896
validation,mlp,30,0,2.159835072234273,1328.55296
validation,mlp,30,1,2.1609151735901833,1339.03872
validation,attention,31,0,1.053948188200593,1297.75872
validation,attention,31,1,1.1067469604313374,1296.48896
validation,mlp,31,0,2.1399459801614285,1328.55296
validation,mlp,31,1,2.157406182959676,1339.03872
validation,attention,32,0,1.0532878804951906,1297.75872
validation,attention,32,1,1.1015580967068672,1296.48896
validation,mlp,32,0,2.166854916140437,1328.55296
validation,mlp,32,1,2.186124911531806,1339.03872
validation,attention,33,0,1.1228069197386503,1297.75872
validation,attention,33,1,1.1052170302718878,1296.48896
validation,mlp,33,0,2.1205260418355465,1328.55296
validation,mlp,33,1,2.1398551762104034,1339.03872
validation,attention,34,0,1.0601880494505167,1297.75872
validation,attention,34,1,1.1133179068565369,1296.48896
validation,mlp,34,0,2.1119050215929747,1328.55296
validation,mlp,34,1,2.1608760580420494,1339.03872
validation,attention,35,0,1.0819470044225454,1297.75872
validation,attention,35,1,1.0972979944199324,1296.48896
validation,mlp,35,0,2.1115560084581375,1328.55296
validation,mlp,35,1,2.1423459984362125,1339.03872
validation,output_head,-1,0,0.8906398434191942,1260.721152
validation,output_head,-1,1,0.813271151855588,1277.171712
validation,output_head,-1,2,0.8095409721136093,1277.17376
validation,output_head,-1,3,0.7960807997733355,1277.17376
validation,output_head,-1,4,0.8160700090229511,1277.17376
validation,output_head,-1,5,0.8222009055316448,1277.17376
validation,output_head,-1,6,0.778360990807414,1277.17376
validation,output_head,-1,7,0.8482199627906084,1277.17888
validation,output_head,-1,0,0.785761047154665,1277.17888
validation,output_head,-1,1,0.8513000793755054,1277.17376
validation,output_head,-1,2,0.828790944069624,1277.175808
validation,output_head,-1,3,0.8155899122357368,1277.175808
validation,output_head,-1,4,0.8235899731516838,1277.175808
validation,output_head,-1,5,0.839299988001585,1277.175808
validation,output_head,-1,6,0.8115810342133045,1277.175808
validation,output_head,-1,7,0.844260910525918,1277.180928
validation,output_head,-1,0,0.816600862890482,1277.17888
validation,output_head,-1,1,0.822469824925065,1277.17376
validation,output_head,-1,2,0.8259010501205921,1277.175808
validation,output_head,-1,3,0.85622095502913,1277.175808
validation,output_head,-1,4,0.8240998722612858,1277.175808
validation,output_head,-1,5,0.8185300976037979,1277.175808
validation,output_head,-1,6,0.8054610807448626,1277.175808
validation,output_head,-1,7,0.8916400838643312,1277.180928
validation,output_head,-1,0,0.8621399756520987,1277.17888
validation,output_head,-1,1,0.8404809050261974,1277.17376
validation,output_head,-1,2,0.8024398703128099,1277.175808
validation,output_head,-1,3,0.8097109384834766,1277.175808
validation,output_head,-1,4,0.8760299533605576,1277.175808
validation,output_head,-1,5,0.8319909684360027,1277.175808
validation,output_head,-1,6,0.8419700898230076,1277.175808
validation,output_head,-1,7,0.8700601756572723,1277.180928
